[{"model": "contenttypes.contenttype", "pk": 1, "fields": {"app_label": "admin", "model": "logentry"}}, {"model": "contenttypes.contenttype", "pk": 2, "fields": {"app_label": "auth", "model": "permission"}}, {"model": "contenttypes.contenttype", "pk": 3, "fields": {"app_label": "auth", "model": "group"}}, {"model": "contenttypes.contenttype", "pk": 4, "fields": {"app_label": "auth", "model": "user"}}, {"model": "contenttypes.contenttype", "pk": 5, "fields": {"app_label": "contenttypes", "model": "contenttype"}}, {"model": "contenttypes.contenttype", "pk": 6, "fields": {"app_label": "sessions", "model": "session"}}, {"model": "contenttypes.contenttype", "pk": 7, "fields": {"app_label": "blog", "model": "blogtype"}}, {"model": "contenttypes.contenttype", "pk": 8, "fields": {"app_label": "blog", "model": "blog"}}, {"model": "contenttypes.contenttype", "pk": 9, "fields": {"app_label": "blog", "model": "readnum"}}, {"model": "contenttypes.contenttype", "pk": 10, "fields": {"app_label": "read_statistics", "model": "readnum"}}, {"model": "contenttypes.contenttype", "pk": 11, "fields": {"app_label": "read_statistics", "model": "readdetail"}}, {"model": "contenttypes.contenttype", "pk": 12, "fields": {"app_label": "comment", "model": "comment"}}, {"model": "contenttypes.contenttype", "pk": 13, "fields": {"app_label": "likes", "model": "likerecord"}}, {"model": "contenttypes.contenttype", "pk": 14, "fields": {"app_label": "likes", "model": "likecount"}}, {"model": "contenttypes.contenttype", "pk": 15, "fields": {"app_label": "user", "model": "profile"}}, {"model": "sessions.session", "pk": "cns00wuuv86lwusmnqaeax085j4y4kia", "fields": {"session_data": "NTZjNjJmNGEwNDA5MGQ4ODA4MjcwYWIzMGIwNjc5MTAyYmFkYmE4Yzp7Il9hdXRoX3VzZXJfaWQiOiIxIiwiX2F1dGhfdXNlcl9iYWNrZW5kIjoiZGphbmdvLmNvbnRyaWIuYXV0aC5iYWNrZW5kcy5Nb2RlbEJhY2tlbmQiLCJfYXV0aF91c2VyX2hhc2giOiJkOGQyZmJiN2U0ZjhjODY3NzVmMTJlOGU2NWU4ZWQzZjc0ZjIwNjBhIiwiYmluZF9lbWFpbF9jb2RlIjoiR3hUcyIsInNlbmRfY29kZV90aW1lIjoxNTc4NTQ1MTk0fQ==", "expire_date": "2020-01-23T04:46:37.412Z"}}, {"model": "sessions.session", "pk": "xvj03qxeh8sxnagvwvozcxjtmrmlg30r", "fields": {"session_data": "YzY1ZTI1M2IwMDZiZTk4MzY5YjVjOTBlZTkxMTc2OTg5ZDVjYWE4Mjp7Il9hdXRoX3VzZXJfaWQiOiIxIiwiX2F1dGhfdXNlcl9iYWNrZW5kIjoiZGphbmdvLmNvbnRyaWIuYXV0aC5iYWNrZW5kcy5Nb2RlbEJhY2tlbmQiLCJfYXV0aF91c2VyX2hhc2giOiJkOGQyZmJiN2U0ZjhjODY3NzVmMTJlOGU2NWU4ZWQzZjc0ZjIwNjBhIn0=", "expire_date": "2020-01-24T03:09:48.588Z"}}, {"model": "blog.blogtype", "pk": 1, "fields": {"type_name": "Django"}}, {"model": "blog.blogtype", "pk": 2, "fields": {"type_name": "\u968f\u7b14"}}, {"model": "blog.blogtype", "pk": 3, "fields": {"type_name": "\u611f\u609f"}}, {"model": "read_statistics.readnum", "pk": 1, "fields": {"read_num": 20, "content_type": 8, "object_id": 37}}, {"model": "read_statistics.readnum", "pk": 2, "fields": {"read_num": 17, "content_type": 8, "object_id": 38}}, {"model": "read_statistics.readnum", "pk": 3, "fields": {"read_num": 15, "content_type": 8, "object_id": 36}}, {"model": "read_statistics.readnum", "pk": 4, "fields": {"read_num": 9, "content_type": 8, "object_id": 35}}, {"model": "read_statistics.readnum", "pk": 5, "fields": {"read_num": 7, "content_type": 8, "object_id": 34}}, {"model": "read_statistics.readnum", "pk": 6, "fields": {"read_num": 6, "content_type": 8, "object_id": 33}}, {"model": "read_statistics.readnum", "pk": 7, "fields": {"read_num": 7, "content_type": 8, "object_id": 32}}, {"model": "read_statistics.readnum", "pk": 8, "fields": {"read_num": 6, "content_type": 8, "object_id": 31}}, {"model": "read_statistics.readnum", "pk": 9, "fields": {"read_num": 6, "content_type": 8, "object_id": 30}}, {"model": "read_statistics.readnum", "pk": 10, "fields": {"read_num": 3, "content_type": 8, "object_id": 29}}, {"model": "read_statistics.readnum", "pk": 11, "fields": {"read_num": 3, "content_type": 8, "object_id": 28}}, {"model": "read_statistics.readnum", "pk": 12, "fields": {"read_num": 3, "content_type": 8, "object_id": 27}}, {"model": "read_statistics.readnum", "pk": 13, "fields": {"read_num": 3, "content_type": 8, "object_id": 26}}, {"model": "read_statistics.readnum", "pk": 14, "fields": {"read_num": 3, "content_type": 8, "object_id": 25}}, {"model": "read_statistics.readnum", "pk": 15, "fields": {"read_num": 3, "content_type": 8, "object_id": 24}}, {"model": "read_statistics.readnum", "pk": 16, "fields": {"read_num": 4, "content_type": 8, "object_id": 23}}, {"model": "read_statistics.readnum", "pk": 17, "fields": {"read_num": 5, "content_type": 8, "object_id": 22}}, {"model": "read_statistics.readnum", "pk": 18, "fields": {"read_num": 3, "content_type": 8, "object_id": 4}}, {"model": "read_statistics.readnum", "pk": 19, "fields": {"read_num": 2, "content_type": 8, "object_id": 21}}, {"model": "read_statistics.readnum", "pk": 20, "fields": {"read_num": 1, "content_type": 8, "object_id": 20}}, {"model": "read_statistics.readnum", "pk": 21, "fields": {"read_num": 1, "content_type": 8, "object_id": 19}}, {"model": "read_statistics.readnum", "pk": 22, "fields": {"read_num": 1, "content_type": 8, "object_id": 18}}, {"model": "read_statistics.readnum", "pk": 23, "fields": {"read_num": 1, "content_type": 8, "object_id": 17}}, {"model": "read_statistics.readnum", "pk": 24, "fields": {"read_num": 1, "content_type": 8, "object_id": 16}}, {"model": "read_statistics.readnum", "pk": 25, "fields": {"read_num": 1, "content_type": 8, "object_id": 15}}, {"model": "read_statistics.readnum", "pk": 26, "fields": {"read_num": 1, "content_type": 8, "object_id": 14}}, {"model": "read_statistics.readnum", "pk": 27, "fields": {"read_num": 1, "content_type": 8, "object_id": 13}}, {"model": "read_statistics.readnum", "pk": 28, "fields": {"read_num": 1, "content_type": 8, "object_id": 12}}, {"model": "read_statistics.readnum", "pk": 29, "fields": {"read_num": 1, "content_type": 8, "object_id": 11}}, {"model": "read_statistics.readnum", "pk": 30, "fields": {"read_num": 1, "content_type": 8, "object_id": 10}}, {"model": "read_statistics.readnum", "pk": 31, "fields": {"read_num": 1, "content_type": 8, "object_id": 9}}, {"model": "read_statistics.readnum", "pk": 32, "fields": {"read_num": 1, "content_type": 8, "object_id": 8}}, {"model": "read_statistics.readnum", "pk": 33, "fields": {"read_num": 1, "content_type": 8, "object_id": 7}}, {"model": "read_statistics.readnum", "pk": 34, "fields": {"read_num": 1, "content_type": 8, "object_id": 6}}, {"model": "read_statistics.readnum", "pk": 35, "fields": {"read_num": 1, "content_type": 8, "object_id": 5}}, {"model": "read_statistics.readdetail", "pk": 1, "fields": {"date": "2019-12-30T16:00:00Z", "read_num": 4, "content_type": 8, "object_id": 37}}, {"model": "read_statistics.readdetail", "pk": 2, "fields": {"date": "2020-01-04T01:56:00Z", "read_num": 1, "content_type": 8, "object_id": 36}}, {"model": "read_statistics.readdetail", "pk": 3, "fields": {"date": "2020-01-02T16:00:00Z", "read_num": 5, "content_type": 8, "object_id": 36}}, {"model": "read_statistics.readdetail", "pk": 5, "fields": {"date": "2019-12-31T16:00:00Z", "read_num": 2, "content_type": 8, "object_id": 36}}, {"model": "read_statistics.readdetail", "pk": 6, "fields": {"date": "2020-01-03T16:00:00Z", "read_num": 2, "content_type": 8, "object_id": 38}}, {"model": "read_statistics.readdetail", "pk": 7, "fields": {"date": "2020-01-03T16:00:00Z", "read_num": 1, "content_type": 8, "object_id": 35}}, {"model": "read_statistics.readdetail", "pk": 8, "fields": {"date": "2020-01-03T16:00:00Z", "read_num": 1, "content_type": 8, "object_id": 34}}, {"model": "read_statistics.readdetail", "pk": 9, "fields": {"date": "2020-01-03T16:00:00Z", "read_num": 1, "content_type": 8, "object_id": 33}}, {"model": "read_statistics.readdetail", "pk": 10, "fields": {"date": "2020-01-03T16:00:00Z", "read_num": 1, "content_type": 8, "object_id": 32}}, {"model": "read_statistics.readdetail", "pk": 11, "fields": {"date": "2020-01-03T16:00:00Z", "read_num": 1, "content_type": 8, "object_id": 31}}, {"model": "read_statistics.readdetail", "pk": 12, "fields": {"date": "2020-01-03T16:00:00Z", "read_num": 1, "content_type": 8, "object_id": 30}}, {"model": "read_statistics.readdetail", "pk": 13, "fields": {"date": "2020-01-03T16:00:00Z", "read_num": 1, "content_type": 8, "object_id": 29}}, {"model": "read_statistics.readdetail", "pk": 14, "fields": {"date": "2020-01-03T16:00:00Z", "read_num": 1, "content_type": 8, "object_id": 28}}, {"model": "read_statistics.readdetail", "pk": 15, "fields": {"date": "2020-01-03T16:00:00Z", "read_num": 1, "content_type": 8, "object_id": 27}}, {"model": "read_statistics.readdetail", "pk": 16, "fields": {"date": "2020-01-03T16:00:00Z", "read_num": 1, "content_type": 8, "object_id": 26}}, {"model": "read_statistics.readdetail", "pk": 17, "fields": {"date": "2020-01-03T16:00:00Z", "read_num": 1, "content_type": 8, "object_id": 25}}, {"model": "read_statistics.readdetail", "pk": 18, "fields": {"date": "2020-01-03T16:00:00Z", "read_num": 1, "content_type": 8, "object_id": 24}}, {"model": "read_statistics.readdetail", "pk": 19, "fields": {"date": "2020-01-03T16:00:00Z", "read_num": 1, "content_type": 8, "object_id": 23}}, {"model": "read_statistics.readdetail", "pk": 20, "fields": {"date": "2020-01-03T16:00:00Z", "read_num": 1, "content_type": 8, "object_id": 22}}, {"model": "read_statistics.readdetail", "pk": 21, "fields": {"date": "2020-01-03T16:00:00Z", "read_num": 1, "content_type": 8, "object_id": 4}}, {"model": "read_statistics.readdetail", "pk": 22, "fields": {"date": "2020-01-04T16:00:00Z", "read_num": 1, "content_type": 8, "object_id": 38}}, {"model": "read_statistics.readdetail", "pk": 23, "fields": {"date": "2020-01-05T16:00:00Z", "read_num": 2, "content_type": 8, "object_id": 38}}, {"model": "read_statistics.readdetail", "pk": 24, "fields": {"date": "2020-01-05T16:00:00Z", "read_num": 1, "content_type": 8, "object_id": 37}}, {"model": "read_statistics.readdetail", "pk": 25, "fields": {"date": "2020-01-05T16:00:00Z", "read_num": 3, "content_type": 8, "object_id": 22}}, {"model": "read_statistics.readdetail", "pk": 26, "fields": {"date": "2020-01-05T16:00:00Z", "read_num": 2, "content_type": 8, "object_id": 4}}, {"model": "read_statistics.readdetail", "pk": 27, "fields": {"date": "2020-01-05T16:00:00Z", "read_num": 1, "content_type": 8, "object_id": 36}}, {"model": "read_statistics.readdetail", "pk": 28, "fields": {"date": "2020-01-05T16:00:00Z", "read_num": 2, "content_type": 8, "object_id": 23}}, {"model": "read_statistics.readdetail", "pk": 29, "fields": {"date": "2020-01-05T16:00:00Z", "read_num": 1, "content_type": 8, "object_id": 35}}, {"model": "read_statistics.readdetail", "pk": 30, "fields": {"date": "2020-01-05T16:00:00Z", "read_num": 1, "content_type": 8, "object_id": 34}}, {"model": "read_statistics.readdetail", "pk": 31, "fields": {"date": "2020-01-05T16:00:00Z", "read_num": 1, "content_type": 8, "object_id": 33}}, {"model": "read_statistics.readdetail", "pk": 32, "fields": {"date": "2020-01-05T16:00:00Z", "read_num": 1, "content_type": 8, "object_id": 32}}, {"model": "read_statistics.readdetail", "pk": 33, "fields": {"date": "2020-01-05T16:00:00Z", "read_num": 1, "content_type": 8, "object_id": 31}}, {"model": "read_statistics.readdetail", "pk": 34, "fields": {"date": "2020-01-05T16:00:00Z", "read_num": 1, "content_type": 8, "object_id": 30}}, {"model": "read_statistics.readdetail", "pk": 35, "fields": {"date": "2020-01-05T16:00:00Z", "read_num": 1, "content_type": 8, "object_id": 29}}, {"model": "read_statistics.readdetail", "pk": 36, "fields": {"date": "2020-01-05T16:00:00Z", "read_num": 1, "content_type": 8, "object_id": 28}}, {"model": "read_statistics.readdetail", "pk": 37, "fields": {"date": "2020-01-05T16:00:00Z", "read_num": 1, "content_type": 8, "object_id": 27}}, {"model": "read_statistics.readdetail", "pk": 38, "fields": {"date": "2020-01-05T16:00:00Z", "read_num": 1, "content_type": 8, "object_id": 26}}, {"model": "read_statistics.readdetail", "pk": 39, "fields": {"date": "2020-01-05T16:00:00Z", "read_num": 1, "content_type": 8, "object_id": 25}}, {"model": "read_statistics.readdetail", "pk": 40, "fields": {"date": "2020-01-05T16:00:00Z", "read_num": 1, "content_type": 8, "object_id": 24}}, {"model": "read_statistics.readdetail", "pk": 41, "fields": {"date": "2020-01-05T16:00:00Z", "read_num": 1, "content_type": 8, "object_id": 21}}, {"model": "read_statistics.readdetail", "pk": 42, "fields": {"date": "2020-01-05T16:00:00Z", "read_num": 1, "content_type": 8, "object_id": 20}}, {"model": "read_statistics.readdetail", "pk": 43, "fields": {"date": "2020-01-05T16:00:00Z", "read_num": 1, "content_type": 8, "object_id": 19}}, {"model": "read_statistics.readdetail", "pk": 44, "fields": {"date": "2020-01-05T16:00:00Z", "read_num": 1, "content_type": 8, "object_id": 18}}, {"model": "read_statistics.readdetail", "pk": 45, "fields": {"date": "2020-01-05T16:00:00Z", "read_num": 1, "content_type": 8, "object_id": 17}}, {"model": "read_statistics.readdetail", "pk": 46, "fields": {"date": "2020-01-05T16:00:00Z", "read_num": 1, "content_type": 8, "object_id": 16}}, {"model": "read_statistics.readdetail", "pk": 47, "fields": {"date": "2020-01-05T16:00:00Z", "read_num": 1, "content_type": 8, "object_id": 15}}, {"model": "read_statistics.readdetail", "pk": 48, "fields": {"date": "2020-01-05T16:00:00Z", "read_num": 1, "content_type": 8, "object_id": 14}}, {"model": "read_statistics.readdetail", "pk": 49, "fields": {"date": "2020-01-05T16:00:00Z", "read_num": 1, "content_type": 8, "object_id": 13}}, {"model": "read_statistics.readdetail", "pk": 50, "fields": {"date": "2020-01-05T16:00:00Z", "read_num": 1, "content_type": 8, "object_id": 12}}, {"model": "read_statistics.readdetail", "pk": 51, "fields": {"date": "2020-01-05T16:00:00Z", "read_num": 1, "content_type": 8, "object_id": 11}}, {"model": "read_statistics.readdetail", "pk": 52, "fields": {"date": "2020-01-05T16:00:00Z", "read_num": 1, "content_type": 8, "object_id": 10}}, {"model": "read_statistics.readdetail", "pk": 53, "fields": {"date": "2020-01-05T16:00:00Z", "read_num": 1, "content_type": 8, "object_id": 9}}, {"model": "read_statistics.readdetail", "pk": 54, "fields": {"date": "2020-01-05T16:00:00Z", "read_num": 1, "content_type": 8, "object_id": 8}}, {"model": "read_statistics.readdetail", "pk": 55, "fields": {"date": "2020-01-05T16:00:00Z", "read_num": 1, "content_type": 8, "object_id": 7}}, {"model": "read_statistics.readdetail", "pk": 56, "fields": {"date": "2020-01-05T16:00:00Z", "read_num": 1, "content_type": 8, "object_id": 6}}, {"model": "read_statistics.readdetail", "pk": 57, "fields": {"date": "2020-01-05T16:00:00Z", "read_num": 1, "content_type": 8, "object_id": 5}}, {"model": "read_statistics.readdetail", "pk": 58, "fields": {"date": "2020-01-06T16:00:00Z", "read_num": 7, "content_type": 8, "object_id": 38}}, {"model": "read_statistics.readdetail", "pk": 59, "fields": {"date": "2020-01-06T16:00:00Z", "read_num": 5, "content_type": 8, "object_id": 37}}, {"model": "read_statistics.readdetail", "pk": 60, "fields": {"date": "2020-01-06T16:00:00Z", "read_num": 9, "content_type": 8, "object_id": 36}}, {"model": "read_statistics.readdetail", "pk": 61, "fields": {"date": "2020-01-06T16:00:00Z", "read_num": 3, "content_type": 8, "object_id": 35}}, {"model": "read_statistics.readdetail", "pk": 62, "fields": {"date": "2020-01-06T16:00:00Z", "read_num": 3, "content_type": 8, "object_id": 34}}, {"model": "read_statistics.readdetail", "pk": 63, "fields": {"date": "2020-01-06T16:00:00Z", "read_num": 2, "content_type": 8, "object_id": 33}}, {"model": "read_statistics.readdetail", "pk": 64, "fields": {"date": "2020-01-06T16:00:00Z", "read_num": 2, "content_type": 8, "object_id": 32}}, {"model": "read_statistics.readdetail", "pk": 65, "fields": {"date": "2020-01-06T16:00:00Z", "read_num": 2, "content_type": 8, "object_id": 31}}, {"model": "read_statistics.readdetail", "pk": 66, "fields": {"date": "2020-01-06T16:00:00Z", "read_num": 2, "content_type": 8, "object_id": 30}}, {"model": "read_statistics.readdetail", "pk": 67, "fields": {"date": "2020-01-06T16:00:00Z", "read_num": 1, "content_type": 8, "object_id": 29}}, {"model": "read_statistics.readdetail", "pk": 68, "fields": {"date": "2020-01-06T16:00:00Z", "read_num": 1, "content_type": 8, "object_id": 28}}, {"model": "read_statistics.readdetail", "pk": 69, "fields": {"date": "2020-01-06T16:00:00Z", "read_num": 1, "content_type": 8, "object_id": 27}}, {"model": "read_statistics.readdetail", "pk": 70, "fields": {"date": "2020-01-06T16:00:00Z", "read_num": 1, "content_type": 8, "object_id": 26}}, {"model": "read_statistics.readdetail", "pk": 71, "fields": {"date": "2020-01-06T16:00:00Z", "read_num": 1, "content_type": 8, "object_id": 25}}, {"model": "read_statistics.readdetail", "pk": 72, "fields": {"date": "2020-01-06T16:00:00Z", "read_num": 1, "content_type": 8, "object_id": 24}}, {"model": "read_statistics.readdetail", "pk": 73, "fields": {"date": "2020-01-06T16:00:00Z", "read_num": 1, "content_type": 8, "object_id": 23}}, {"model": "read_statistics.readdetail", "pk": 74, "fields": {"date": "2020-01-06T16:00:00Z", "read_num": 1, "content_type": 8, "object_id": 22}}, {"model": "read_statistics.readdetail", "pk": 75, "fields": {"date": "2020-01-06T16:00:00Z", "read_num": 1, "content_type": 8, "object_id": 21}}, {"model": "read_statistics.readdetail", "pk": 76, "fields": {"date": "2020-01-07T16:00:00Z", "read_num": 2, "content_type": 8, "object_id": 38}}, {"model": "read_statistics.readdetail", "pk": 77, "fields": {"date": "2020-01-07T16:00:00Z", "read_num": 1, "content_type": 8, "object_id": 37}}, {"model": "read_statistics.readdetail", "pk": 78, "fields": {"date": "2020-01-07T16:00:00Z", "read_num": 1, "content_type": 8, "object_id": 36}}, {"model": "read_statistics.readdetail", "pk": 79, "fields": {"date": "2020-01-07T16:00:00Z", "read_num": 1, "content_type": 8, "object_id": 35}}, {"model": "read_statistics.readdetail", "pk": 80, "fields": {"date": "2020-01-08T16:00:00Z", "read_num": 1, "content_type": 8, "object_id": 38}}, {"model": "read_statistics.readdetail", "pk": 81, "fields": {"date": "2020-01-08T16:00:00Z", "read_num": 1, "content_type": 8, "object_id": 37}}, {"model": "read_statistics.readdetail", "pk": 82, "fields": {"date": "2020-01-08T16:00:00Z", "read_num": 1, "content_type": 8, "object_id": 36}}, {"model": "read_statistics.readdetail", "pk": 83, "fields": {"date": "2020-01-08T16:00:00Z", "read_num": 1, "content_type": 8, "object_id": 35}}, {"model": "read_statistics.readdetail", "pk": 84, "fields": {"date": "2020-01-08T16:00:00Z", "read_num": 1, "content_type": 8, "object_id": 34}}, {"model": "read_statistics.readdetail", "pk": 85, "fields": {"date": "2020-01-08T16:00:00Z", "read_num": 1, "content_type": 8, "object_id": 33}}, {"model": "read_statistics.readdetail", "pk": 86, "fields": {"date": "2020-01-08T16:00:00Z", "read_num": 2, "content_type": 8, "object_id": 32}}, {"model": "read_statistics.readdetail", "pk": 87, "fields": {"date": "2020-01-08T16:00:00Z", "read_num": 2, "content_type": 8, "object_id": 31}}, {"model": "read_statistics.readdetail", "pk": 88, "fields": {"date": "2020-01-08T16:00:00Z", "read_num": 2, "content_type": 8, "object_id": 30}}, {"model": "read_statistics.readdetail", "pk": 89, "fields": {"date": "2020-01-09T16:00:00Z", "read_num": 1, "content_type": 8, "object_id": 38}}, {"model": "read_statistics.readdetail", "pk": 90, "fields": {"date": "2020-01-09T16:00:00Z", "read_num": 1, "content_type": 8, "object_id": 37}}, {"model": "read_statistics.readdetail", "pk": 91, "fields": {"date": "2020-01-09T16:00:00Z", "read_num": 1, "content_type": 8, "object_id": 36}}, {"model": "read_statistics.readdetail", "pk": 92, "fields": {"date": "2020-01-09T16:00:00Z", "read_num": 1, "content_type": 8, "object_id": 35}}, {"model": "likes.likecount", "pk": 51, "fields": {"content_type": 8, "object_id": 36, "liked_num": 1}}, {"model": "likes.likecount", "pk": 52, "fields": {"content_type": 12, "object_id": 88, "liked_num": 0}}, {"model": "likes.likecount", "pk": 53, "fields": {"content_type": 12, "object_id": 89, "liked_num": 0}}, {"model": "likes.likecount", "pk": 54, "fields": {"content_type": 12, "object_id": 87, "liked_num": 0}}, {"model": "likes.likecount", "pk": 55, "fields": {"content_type": 12, "object_id": 85, "liked_num": 0}}, {"model": "likes.likecount", "pk": 56, "fields": {"content_type": 12, "object_id": 86, "liked_num": 0}}, {"model": "likes.likecount", "pk": 57, "fields": {"content_type": 12, "object_id": 84, "liked_num": 0}}, {"model": "likes.likecount", "pk": 58, "fields": {"content_type": 12, "object_id": 82, "liked_num": 0}}, {"model": "likes.likecount", "pk": 59, "fields": {"content_type": 12, "object_id": 83, "liked_num": 0}}, {"model": "likes.likecount", "pk": 60, "fields": {"content_type": 12, "object_id": 79, "liked_num": 0}}, {"model": "likes.likecount", "pk": 61, "fields": {"content_type": 12, "object_id": 80, "liked_num": 0}}, {"model": "likes.likecount", "pk": 62, "fields": {"content_type": 12, "object_id": 81, "liked_num": 0}}, {"model": "likes.likecount", "pk": 63, "fields": {"content_type": 12, "object_id": 78, "liked_num": 0}}, {"model": "likes.likecount", "pk": 64, "fields": {"content_type": 12, "object_id": 58, "liked_num": 0}}, {"model": "likes.likecount", "pk": 65, "fields": {"content_type": 12, "object_id": 76, "liked_num": 0}}, {"model": "likes.likecount", "pk": 66, "fields": {"content_type": 12, "object_id": 77, "liked_num": 0}}, {"model": "likes.likecount", "pk": 67, "fields": {"content_type": 8, "object_id": 38, "liked_num": 1}}, {"model": "likes.likecount", "pk": 68, "fields": {"content_type": 8, "object_id": 37, "liked_num": 1}}, {"model": "likes.likecount", "pk": 69, "fields": {"content_type": 8, "object_id": 35, "liked_num": 1}}, {"model": "likes.likecount", "pk": 70, "fields": {"content_type": 8, "object_id": 34, "liked_num": 1}}, {"model": "likes.likecount", "pk": 71, "fields": {"content_type": 8, "object_id": 33, "liked_num": 1}}, {"model": "likes.likecount", "pk": 72, "fields": {"content_type": 8, "object_id": 32, "liked_num": 2}}, {"model": "likes.likecount", "pk": 73, "fields": {"content_type": 12, "object_id": 90, "liked_num": 1}}, {"model": "likes.likecount", "pk": 74, "fields": {"content_type": 12, "object_id": 91, "liked_num": 1}}, {"model": "likes.likecount", "pk": 75, "fields": {"content_type": 12, "object_id": 92, "liked_num": 1}}, {"model": "likes.likecount", "pk": 76, "fields": {"content_type": 12, "object_id": 67, "liked_num": 1}}, {"model": "likes.likecount", "pk": 77, "fields": {"content_type": 12, "object_id": 68, "liked_num": 1}}, {"model": "likes.likecount", "pk": 78, "fields": {"content_type": 12, "object_id": 69, "liked_num": 1}}, {"model": "likes.likecount", "pk": 79, "fields": {"content_type": 12, "object_id": 65, "liked_num": 0}}, {"model": "likes.likecount", "pk": 80, "fields": {"content_type": 12, "object_id": 66, "liked_num": 0}}, {"model": "likes.likecount", "pk": 81, "fields": {"content_type": 12, "object_id": 64, "liked_num": 0}}, {"model": "likes.likecount", "pk": 82, "fields": {"content_type": 12, "object_id": 63, "liked_num": 0}}, {"model": "likes.likecount", "pk": 83, "fields": {"content_type": 12, "object_id": 62, "liked_num": 0}}, {"model": "likes.likecount", "pk": 84, "fields": {"content_type": 12, "object_id": 57, "liked_num": 0}}, {"model": "likes.likecount", "pk": 85, "fields": {"content_type": 12, "object_id": 56, "liked_num": 0}}, {"model": "likes.likecount", "pk": 86, "fields": {"content_type": 12, "object_id": 12, "liked_num": 0}}, {"model": "likes.likecount", "pk": 87, "fields": {"content_type": 12, "object_id": 11, "liked_num": 0}}, {"model": "likes.likecount", "pk": 88, "fields": {"content_type": 12, "object_id": 10, "liked_num": 0}}, {"model": "likes.likecount", "pk": 89, "fields": {"content_type": 12, "object_id": 9, "liked_num": 0}}, {"model": "likes.likecount", "pk": 90, "fields": {"content_type": 12, "object_id": 7, "liked_num": 1}}, {"model": "likes.likecount", "pk": 91, "fields": {"content_type": 12, "object_id": 6, "liked_num": 0}}, {"model": "likes.likecount", "pk": 92, "fields": {"content_type": 12, "object_id": 5, "liked_num": 0}}, {"model": "likes.likecount", "pk": 93, "fields": {"content_type": 12, "object_id": 4, "liked_num": 0}}, {"model": "likes.likecount", "pk": 94, "fields": {"content_type": 12, "object_id": 3, "liked_num": 0}}, {"model": "likes.likecount", "pk": 95, "fields": {"content_type": 12, "object_id": 2, "liked_num": 0}}, {"model": "likes.likecount", "pk": 96, "fields": {"content_type": 12, "object_id": 75, "liked_num": 0}}, {"model": "likes.likecount", "pk": 97, "fields": {"content_type": 12, "object_id": 8, "liked_num": 0}}, {"model": "likes.likecount", "pk": 98, "fields": {"content_type": 12, "object_id": 74, "liked_num": 0}}, {"model": "likes.likecount", "pk": 99, "fields": {"content_type": 12, "object_id": 59, "liked_num": 0}}, {"model": "likes.likecount", "pk": 100, "fields": {"content_type": 12, "object_id": 73, "liked_num": 0}}, {"model": "likes.likecount", "pk": 101, "fields": {"content_type": 8, "object_id": 31, "liked_num": 1}}, {"model": "likes.likecount", "pk": 102, "fields": {"content_type": 8, "object_id": 30, "liked_num": 1}}, {"model": "likes.likecount", "pk": 103, "fields": {"content_type": 12, "object_id": 93, "liked_num": 1}}, {"model": "likes.likecount", "pk": 104, "fields": {"content_type": 12, "object_id": 94, "liked_num": 1}}, {"model": "likes.likecount", "pk": 105, "fields": {"content_type": 12, "object_id": 96, "liked_num": 0}}, {"model": "likes.likecount", "pk": 106, "fields": {"content_type": 12, "object_id": 95, "liked_num": 0}}, {"model": "likes.likecount", "pk": 107, "fields": {"content_type": 12, "object_id": 97, "liked_num": 0}}, {"model": "likes.likecount", "pk": 108, "fields": {"content_type": 12, "object_id": 98, "liked_num": 0}}, {"model": "likes.likecount", "pk": 109, "fields": {"content_type": 12, "object_id": 99, "liked_num": 0}}, {"model": "likes.likecount", "pk": 110, "fields": {"content_type": 12, "object_id": 100, "liked_num": 0}}, {"model": "likes.likecount", "pk": 111, "fields": {"content_type": 12, "object_id": 101, "liked_num": 0}}, {"model": "likes.likecount", "pk": 112, "fields": {"content_type": 12, "object_id": 102, "liked_num": 0}}, {"model": "likes.likecount", "pk": 113, "fields": {"content_type": 12, "object_id": 103, "liked_num": 0}}, {"model": "likes.likecount", "pk": 114, "fields": {"content_type": 12, "object_id": 104, "liked_num": 0}}, {"model": "likes.likecount", "pk": 115, "fields": {"content_type": 12, "object_id": 105, "liked_num": 0}}, {"model": "likes.likecount", "pk": 116, "fields": {"content_type": 12, "object_id": 106, "liked_num": 0}}, {"model": "likes.likecount", "pk": 117, "fields": {"content_type": 12, "object_id": 107, "liked_num": 0}}, {"model": "likes.likecount", "pk": 118, "fields": {"content_type": 12, "object_id": 108, "liked_num": 1}}, {"model": "likes.likecount", "pk": 119, "fields": {"content_type": 12, "object_id": 109, "liked_num": 0}}, {"model": "likes.likecount", "pk": 120, "fields": {"content_type": 12, "object_id": 110, "liked_num": 0}}, {"model": "likes.likecount", "pk": 121, "fields": {"content_type": 12, "object_id": 111, "liked_num": 0}}, {"model": "likes.likecount", "pk": 122, "fields": {"content_type": 12, "object_id": 112, "liked_num": 1}}, {"model": "likes.likecount", "pk": 123, "fields": {"content_type": 12, "object_id": 114, "liked_num": 0}}, {"model": "likes.likecount", "pk": 124, "fields": {"content_type": 12, "object_id": 113, "liked_num": 0}}, {"model": "likes.likecount", "pk": 125, "fields": {"content_type": 8, "object_id": 29, "liked_num": 0}}, {"model": "likes.likecount", "pk": 126, "fields": {"content_type": 8, "object_id": 28, "liked_num": 0}}, {"model": "likes.likecount", "pk": 127, "fields": {"content_type": 8, "object_id": 27, "liked_num": 0}}, {"model": "likes.likecount", "pk": 128, "fields": {"content_type": 8, "object_id": 26, "liked_num": 0}}, {"model": "likes.likecount", "pk": 129, "fields": {"content_type": 8, "object_id": 25, "liked_num": 0}}, {"model": "likes.likecount", "pk": 130, "fields": {"content_type": 12, "object_id": 115, "liked_num": 0}}, {"model": "likes.likecount", "pk": 131, "fields": {"content_type": 12, "object_id": 121, "liked_num": 0}}, {"model": "likes.likecount", "pk": 132, "fields": {"content_type": 12, "object_id": 120, "liked_num": 0}}, {"model": "likes.likecount", "pk": 133, "fields": {"content_type": 12, "object_id": 119, "liked_num": 0}}, {"model": "likes.likecount", "pk": 134, "fields": {"content_type": 12, "object_id": 118, "liked_num": 0}}, {"model": "auth.permission", "pk": 1, "fields": {"name": "Can add log entry", "content_type": 1, "codename": "add_logentry"}}, {"model": "auth.permission", "pk": 2, "fields": {"name": "Can change log entry", "content_type": 1, "codename": "change_logentry"}}, {"model": "auth.permission", "pk": 3, "fields": {"name": "Can delete log entry", "content_type": 1, "codename": "delete_logentry"}}, {"model": "auth.permission", "pk": 4, "fields": {"name": "Can add permission", "content_type": 2, "codename": "add_permission"}}, {"model": "auth.permission", "pk": 5, "fields": {"name": "Can change permission", "content_type": 2, "codename": "change_permission"}}, {"model": "auth.permission", "pk": 6, "fields": {"name": "Can delete permission", "content_type": 2, "codename": "delete_permission"}}, {"model": "auth.permission", "pk": 7, "fields": {"name": "Can add group", "content_type": 3, "codename": "add_group"}}, {"model": "auth.permission", "pk": 8, "fields": {"name": "Can change group", "content_type": 3, "codename": "change_group"}}, {"model": "auth.permission", "pk": 9, "fields": {"name": "Can delete group", "content_type": 3, "codename": "delete_group"}}, {"model": "auth.permission", "pk": 10, "fields": {"name": "Can add user", "content_type": 4, "codename": "add_user"}}, {"model": "auth.permission", "pk": 11, "fields": {"name": "Can change user", "content_type": 4, "codename": "change_user"}}, {"model": "auth.permission", "pk": 12, "fields": {"name": "Can delete user", "content_type": 4, "codename": "delete_user"}}, {"model": "auth.permission", "pk": 13, "fields": {"name": "Can add content type", "content_type": 5, "codename": "add_contenttype"}}, {"model": "auth.permission", "pk": 14, "fields": {"name": "Can change content type", "content_type": 5, "codename": "change_contenttype"}}, {"model": "auth.permission", "pk": 15, "fields": {"name": "Can delete content type", "content_type": 5, "codename": "delete_contenttype"}}, {"model": "auth.permission", "pk": 16, "fields": {"name": "Can add session", "content_type": 6, "codename": "add_session"}}, {"model": "auth.permission", "pk": 17, "fields": {"name": "Can change session", "content_type": 6, "codename": "change_session"}}, {"model": "auth.permission", "pk": 18, "fields": {"name": "Can delete session", "content_type": 6, "codename": "delete_session"}}, {"model": "auth.permission", "pk": 19, "fields": {"name": "Can add blog type", "content_type": 7, "codename": "add_blogtype"}}, {"model": "auth.permission", "pk": 20, "fields": {"name": "Can change blog type", "content_type": 7, "codename": "change_blogtype"}}, {"model": "auth.permission", "pk": 21, "fields": {"name": "Can delete blog type", "content_type": 7, "codename": "delete_blogtype"}}, {"model": "auth.permission", "pk": 22, "fields": {"name": "Can add blog", "content_type": 8, "codename": "add_blog"}}, {"model": "auth.permission", "pk": 23, "fields": {"name": "Can change blog", "content_type": 8, "codename": "change_blog"}}, {"model": "auth.permission", "pk": 24, "fields": {"name": "Can delete blog", "content_type": 8, "codename": "delete_blog"}}, {"model": "auth.permission", "pk": 25, "fields": {"name": "Can add read num", "content_type": 9, "codename": "add_readnum"}}, {"model": "auth.permission", "pk": 26, "fields": {"name": "Can change read num", "content_type": 9, "codename": "change_readnum"}}, {"model": "auth.permission", "pk": 27, "fields": {"name": "Can delete read num", "content_type": 9, "codename": "delete_readnum"}}, {"model": "auth.permission", "pk": 28, "fields": {"name": "Can add read num", "content_type": 10, "codename": "add_readnum"}}, {"model": "auth.permission", "pk": 29, "fields": {"name": "Can change read num", "content_type": 10, "codename": "change_readnum"}}, {"model": "auth.permission", "pk": 30, "fields": {"name": "Can delete read num", "content_type": 10, "codename": "delete_readnum"}}, {"model": "auth.permission", "pk": 31, "fields": {"name": "Can add read detail", "content_type": 11, "codename": "add_readdetail"}}, {"model": "auth.permission", "pk": 32, "fields": {"name": "Can change read detail", "content_type": 11, "codename": "change_readdetail"}}, {"model": "auth.permission", "pk": 33, "fields": {"name": "Can delete read detail", "content_type": 11, "codename": "delete_readdetail"}}, {"model": "auth.permission", "pk": 34, "fields": {"name": "Can add comment", "content_type": 12, "codename": "add_comment"}}, {"model": "auth.permission", "pk": 35, "fields": {"name": "Can change comment", "content_type": 12, "codename": "change_comment"}}, {"model": "auth.permission", "pk": 36, "fields": {"name": "Can delete comment", "content_type": 12, "codename": "delete_comment"}}, {"model": "auth.permission", "pk": 37, "fields": {"name": "Can add like record", "content_type": 13, "codename": "add_likerecord"}}, {"model": "auth.permission", "pk": 38, "fields": {"name": "Can change like record", "content_type": 13, "codename": "change_likerecord"}}, {"model": "auth.permission", "pk": 39, "fields": {"name": "Can delete like record", "content_type": 13, "codename": "delete_likerecord"}}, {"model": "auth.permission", "pk": 40, "fields": {"name": "Can add like count", "content_type": 14, "codename": "add_likecount"}}, {"model": "auth.permission", "pk": 41, "fields": {"name": "Can change like count", "content_type": 14, "codename": "change_likecount"}}, {"model": "auth.permission", "pk": 42, "fields": {"name": "Can delete like count", "content_type": 14, "codename": "delete_likecount"}}, {"model": "auth.permission", "pk": 43, "fields": {"name": "Can add profile", "content_type": 15, "codename": "add_profile"}}, {"model": "auth.permission", "pk": 44, "fields": {"name": "Can change profile", "content_type": 15, "codename": "change_profile"}}, {"model": "auth.permission", "pk": 45, "fields": {"name": "Can delete profile", "content_type": 15, "codename": "delete_profile"}}, {"model": "auth.user", "pk": 1, "fields": {"password": "pbkdf2_sha256$100000$ZR0U3dFFhWvk$GPo9m7FkyRukcAGrY/biTzwBzfHsVhltbheYkPvmyAk=", "last_login": "2020-01-10T03:09:48.584Z", "is_superuser": true, "username": "jx", "first_name": "", "last_name": "", "email": "120282015@qq.com", "is_staff": true, "is_active": true, "date_joined": "2019-12-28T11:03:00Z", "groups": [], "user_permissions": []}}, {"model": "auth.user", "pk": 2, "fields": {"password": "pbkdf2_sha256$100000$inrJvTncrtbI$WltOevipVNEwWDLF8LqOmcYGgY+3qxXUP+CNctTuxaA=", "last_login": "2020-01-08T12:38:16.752Z", "is_superuser": false, "username": "jx2", "first_name": "", "last_name": "", "email": "1@qq.com", "is_staff": false, "is_active": true, "date_joined": "2020-01-05T14:35:17.868Z", "groups": [], "user_permissions": []}}, {"model": "auth.user", "pk": 3, "fields": {"password": "pbkdf2_sha256$100000$JnvW2SUtp8QS$Y6koJ8Jmxkj/GOmr3+tBRFxABLDAJwnxQRN9+DS+1tM=", "last_login": "2020-01-09T09:42:54.263Z", "is_superuser": false, "username": "\u7403\u74033\u53f7", "first_name": "", "last_name": "", "email": "ffwszdex@sina.com", "is_staff": false, "is_active": true, "date_joined": "2020-01-09T07:47:12.303Z", "groups": [], "user_permissions": []}}, {"model": "blog.blog", "pk": 4, "fields": {"title": "\u957f\u5185\u5bb9\u7684\u535a\u5ba2", "blog_type": 2, "content": "<h2>\u5494\u5494\u5494</h2>\r\n\r\n<div style=\"background:#eeeeee; border:1px solid #cccccc; padding:5px 10px\"><strong>\u98ce\u666f\u597d\u770b\u98ce\u666f\u597d\u770b\u98ce\u666f\u597d\u770b\u98ce\u666f\u597d\u770b\u98ce\u666f\u597d\u770b\u98ce\u666f\u597d\u770b</strong></div>\r\n\r\n<div style=\"background:#eeeeee; border:1px solid #cccccc; padding:5px 10px\"><strong>gigigi</strong><img alt=\"smiley\" src=\"http://localhost:8000/static/ckeditor/ckeditor/plugins/smiley/images/regular_smile.png\" style=\"height:23px; width:23px\" title=\"smiley\" /></div>\r\n\r\n<div style=\"background:#eeeeee; border:1px solid #cccccc; padding:5px 10px\"><span style=\"color:#1abc9c\">\u54c8\u54c8\u54c8\u54c8</span></div>\r\n\r\n<div style=\"background:#eeeeee; border:1px solid #cccccc; padding:5px 10px\"><span style=\"color:#1abc9c\"><span style=\"background-color:#f1c40f\">\u5566\u5566\u5566\u5566</span></span></div>\r\n\r\n<div style=\"background:#eeeeee; border:1px solid #cccccc; padding:5px 10px\"><a href=\"http://www.baidu.com\">http://www.baidu.com</a></div>\r\n\r\n<div style=\"background:#eeeeee; border:1px solid #cccccc; padding:5px 10px\"><img alt=\"\" src=\"/media/upload/2019/12/31/2019-12-31-111816.png\" style=\"height:240px\" /></div>", "author": 1, "created_time": "2019-11-28T12:34:14.201Z", "last_updated_time": "2019-12-31T07:39:36.131Z"}}, {"model": "blog.blog", "pk": 5, "fields": {"title": "\u968f\u7b142", "blog_type": 2, "content": "gigigi", "author": 1, "created_time": "2019-12-28T13:06:25.054Z", "last_updated_time": "2019-12-28T13:06:25.054Z"}}, {"model": "blog.blog", "pk": 6, "fields": {"title": "Django1", "blog_type": 1, "content": "test", "author": 1, "created_time": "2019-12-28T13:06:49.190Z", "last_updated_time": "2019-12-28T13:06:49.190Z"}}, {"model": "blog.blog", "pk": 7, "fields": {"title": "shell\u4e0b\u7b2c\u4e00\u7bc7", "blog_type": 1, "content": "xxxxxx", "author": 1, "created_time": "2019-12-30T08:43:04.209Z", "last_updated_time": "2019-12-30T08:43:04.210Z"}}, {"model": "blog.blog", "pk": 8, "fields": {"title": "for 1", "blog_type": 1, "content": "xxxx:1", "author": 1, "created_time": "2019-12-30T08:50:37.603Z", "last_updated_time": "2019-12-30T08:50:37.603Z"}}, {"model": "blog.blog", "pk": 9, "fields": {"title": "for 2", "blog_type": 1, "content": "xxxx:2", "author": 1, "created_time": "2019-12-30T08:50:37.607Z", "last_updated_time": "2019-12-30T08:50:37.607Z"}}, {"model": "blog.blog", "pk": 10, "fields": {"title": "for 3", "blog_type": 1, "content": "xxxx:3", "author": 1, "created_time": "2019-12-30T08:50:37.610Z", "last_updated_time": "2019-12-30T08:50:37.610Z"}}, {"model": "blog.blog", "pk": 11, "fields": {"title": "for 4", "blog_type": 1, "content": "xxxx:4", "author": 1, "created_time": "2019-12-30T08:50:37.613Z", "last_updated_time": "2019-12-30T08:50:37.613Z"}}, {"model": "blog.blog", "pk": 12, "fields": {"title": "for 5", "blog_type": 1, "content": "xxxx:5", "author": 1, "created_time": "2019-12-30T08:50:37.615Z", "last_updated_time": "2019-12-30T08:50:37.615Z"}}, {"model": "blog.blog", "pk": 13, "fields": {"title": "for 6", "blog_type": 1, "content": "xxxx:6", "author": 1, "created_time": "2019-12-30T08:50:37.618Z", "last_updated_time": "2019-12-30T08:50:37.618Z"}}, {"model": "blog.blog", "pk": 14, "fields": {"title": "for 7", "blog_type": 1, "content": "xxxx:7", "author": 1, "created_time": "2019-12-30T08:50:37.622Z", "last_updated_time": "2019-12-30T08:50:37.622Z"}}, {"model": "blog.blog", "pk": 15, "fields": {"title": "for 8", "blog_type": 1, "content": "xxxx:8", "author": 1, "created_time": "2019-12-30T08:50:37.624Z", "last_updated_time": "2019-12-30T08:50:37.624Z"}}, {"model": "blog.blog", "pk": 16, "fields": {"title": "for 9", "blog_type": 1, "content": "xxxx:9", "author": 1, "created_time": "2019-12-30T08:50:37.626Z", "last_updated_time": "2019-12-30T08:50:37.626Z"}}, {"model": "blog.blog", "pk": 17, "fields": {"title": "for 10", "blog_type": 1, "content": "xxxx:10", "author": 1, "created_time": "2019-12-30T08:50:37.628Z", "last_updated_time": "2019-12-30T08:50:37.628Z"}}, {"model": "blog.blog", "pk": 18, "fields": {"title": "for 11", "blog_type": 1, "content": "xxxx:11", "author": 1, "created_time": "2019-12-30T08:50:37.630Z", "last_updated_time": "2019-12-30T08:50:37.630Z"}}, {"model": "blog.blog", "pk": 19, "fields": {"title": "for 12", "blog_type": 1, "content": "xxxx:12", "author": 1, "created_time": "2019-12-30T08:50:37.632Z", "last_updated_time": "2019-12-30T08:50:37.632Z"}}, {"model": "blog.blog", "pk": 20, "fields": {"title": "for 13", "blog_type": 1, "content": "xxxx:13", "author": 1, "created_time": "2019-12-30T08:50:37.634Z", "last_updated_time": "2019-12-30T08:50:37.634Z"}}, {"model": "blog.blog", "pk": 21, "fields": {"title": "for 14", "blog_type": 1, "content": "xxxx:14", "author": 1, "created_time": "2019-12-30T08:50:37.636Z", "last_updated_time": "2019-12-30T08:50:37.636Z"}}, {"model": "blog.blog", "pk": 22, "fields": {"title": "for 15", "blog_type": 1, "content": "xxxx:15", "author": 1, "created_time": "2019-12-30T08:50:37.638Z", "last_updated_time": "2019-12-30T08:50:37.638Z"}}, {"model": "blog.blog", "pk": 23, "fields": {"title": "for 16", "blog_type": 1, "content": "xxxx:16", "author": 1, "created_time": "2019-12-30T08:50:37.640Z", "last_updated_time": "2019-12-30T08:50:37.640Z"}}, {"model": "blog.blog", "pk": 24, "fields": {"title": "for 17", "blog_type": 1, "content": "xxxx:17", "author": 1, "created_time": "2019-12-30T08:50:37.642Z", "last_updated_time": "2019-12-30T08:50:37.642Z"}}, {"model": "blog.blog", "pk": 25, "fields": {"title": "for 18", "blog_type": 1, "content": "xxxx:18", "author": 1, "created_time": "2019-12-30T08:50:37.644Z", "last_updated_time": "2019-12-31T03:57:25.254Z"}}, {"model": "blog.blog", "pk": 26, "fields": {"title": "for 19", "blog_type": 1, "content": "xxxx:19", "author": 1, "created_time": "2019-12-30T08:50:37.646Z", "last_updated_time": "2019-12-31T03:57:29.312Z"}}, {"model": "blog.blog", "pk": 27, "fields": {"title": "for 20", "blog_type": 1, "content": "xxxx:20", "author": 1, "created_time": "2019-12-30T08:50:37.647Z", "last_updated_time": "2019-12-31T03:57:29.948Z"}}, {"model": "blog.blog", "pk": 28, "fields": {"title": "for 21", "blog_type": 1, "content": "xxxx:21", "author": 1, "created_time": "2019-12-30T08:50:37.650Z", "last_updated_time": "2019-12-31T03:57:30.109Z"}}, {"model": "blog.blog", "pk": 29, "fields": {"title": "for 22", "blog_type": 1, "content": "xxxx:22", "author": 1, "created_time": "2019-12-30T08:50:37.652Z", "last_updated_time": "2019-12-31T03:57:28.720Z"}}, {"model": "blog.blog", "pk": 30, "fields": {"title": "for 23", "blog_type": 1, "content": "xxxx:23", "author": 1, "created_time": "2019-12-30T08:50:37.654Z", "last_updated_time": "2019-12-31T03:57:28.583Z"}}, {"model": "blog.blog", "pk": 31, "fields": {"title": "for 24", "blog_type": 1, "content": "xxxx:24", "author": 1, "created_time": "2019-12-30T08:50:37.655Z", "last_updated_time": "2019-12-31T07:39:16.468Z"}}, {"model": "blog.blog", "pk": 32, "fields": {"title": "for 25", "blog_type": 1, "content": "xxxx:25", "author": 1, "created_time": "2019-12-30T08:50:37.657Z", "last_updated_time": "2019-12-31T03:57:28.285Z"}}, {"model": "blog.blog", "pk": 33, "fields": {"title": "for 26", "blog_type": 1, "content": "xxxx:26", "author": 1, "created_time": "2019-12-30T08:50:37.659Z", "last_updated_time": "2019-12-31T03:57:27.440Z"}}, {"model": "blog.blog", "pk": 34, "fields": {"title": "for 27", "blog_type": 1, "content": "xxxx:27", "author": 1, "created_time": "2019-12-30T08:50:37.661Z", "last_updated_time": "2019-12-31T03:57:23.955Z"}}, {"model": "blog.blog", "pk": 35, "fields": {"title": "for 28", "blog_type": 1, "content": "xxxx:28", "author": 1, "created_time": "2019-12-30T08:50:37.663Z", "last_updated_time": "2019-12-31T03:57:22.373Z"}}, {"model": "blog.blog", "pk": 36, "fields": {"title": "for 29", "blog_type": 1, "content": "xxxx:29", "author": 1, "created_time": "2019-12-30T08:50:37.664Z", "last_updated_time": "2019-12-31T07:44:26.846Z"}}, {"model": "blog.blog", "pk": 37, "fields": {"title": "for 30", "blog_type": 1, "content": "xxxx:30", "author": 1, "created_time": "2019-12-30T08:50:37.666Z", "last_updated_time": "2019-12-31T07:42:24.036Z"}}, {"model": "blog.blog", "pk": 38, "fields": {"title": "gigigi", "blog_type": 3, "content": "<p><img alt=\"devil\" src=\"http://localhost:8000/static/ckeditor/ckeditor/plugins/smiley/images/devil_smile.png\" style=\"height:23px; width:23px\" title=\"devil\" />GIGIGI</p>", "author": 1, "created_time": "2019-12-31T08:35:51.926Z", "last_updated_time": "2019-12-31T08:35:51.926Z"}}, {"model": "comment.comment", "pk": 2, "fields": {"content_type": 8, "object_id": 38, "text": "234", "comment_time": "2020-01-05T07:05:14.264Z", "user": 1, "root": null, "parent": null, "reply_to": null}}, {"model": "comment.comment", "pk": 3, "fields": {"content_type": 8, "object_id": 38, "text": "hahaha", "comment_time": "2020-01-05T14:35:33.946Z", "user": 2, "root": null, "parent": null, "reply_to": null}}, {"model": "comment.comment", "pk": 4, "fields": {"content_type": 8, "object_id": 38, "text": "234", "comment_time": "2020-01-05T14:37:06.034Z", "user": 2, "root": null, "parent": null, "reply_to": null}}, {"model": "comment.comment", "pk": 5, "fields": {"content_type": 8, "object_id": 38, "text": "\u54c8\u54c8\u54c8\u54c8", "comment_time": "2020-01-05T14:43:59.653Z", "user": 2, "root": null, "parent": null, "reply_to": null}}, {"model": "comment.comment", "pk": 6, "fields": {"content_type": 8, "object_id": 38, "text": "345", "comment_time": "2020-01-06T06:17:32.627Z", "user": 1, "root": null, "parent": null, "reply_to": null}}, {"model": "comment.comment", "pk": 7, "fields": {"content_type": 8, "object_id": 38, "text": "456", "comment_time": "2020-01-06T06:43:54.908Z", "user": 1, "root": null, "parent": null, "reply_to": null}}, {"model": "comment.comment", "pk": 8, "fields": {"content_type": 8, "object_id": 37, "text": "<p>123</p>", "comment_time": "2020-01-06T07:19:02.290Z", "user": 1, "root": null, "parent": null, "reply_to": null}}, {"model": "comment.comment", "pk": 9, "fields": {"content_type": 8, "object_id": 38, "text": "<p>111</p>", "comment_time": "2020-01-06T07:39:59.375Z", "user": 1, "root": null, "parent": null, "reply_to": null}}, {"model": "comment.comment", "pk": 10, "fields": {"content_type": 8, "object_id": 38, "text": "<p>111</p>", "comment_time": "2020-01-06T07:40:00.009Z", "user": 1, "root": null, "parent": null, "reply_to": null}}, {"model": "comment.comment", "pk": 11, "fields": {"content_type": 8, "object_id": 38, "text": "<p>111</p>", "comment_time": "2020-01-06T07:40:00.275Z", "user": 1, "root": null, "parent": null, "reply_to": null}}, {"model": "comment.comment", "pk": 12, "fields": {"content_type": 8, "object_id": 38, "text": "<p>111</p>", "comment_time": "2020-01-06T07:40:00.451Z", "user": 1, "root": null, "parent": null, "reply_to": null}}, {"model": "comment.comment", "pk": 13, "fields": {"content_type": 8, "object_id": 4, "text": "<p>123</p>", "comment_time": "2020-01-06T07:41:20.278Z", "user": 1, "root": null, "parent": null, "reply_to": null}}, {"model": "comment.comment", "pk": 14, "fields": {"content_type": 8, "object_id": 4, "text": "<p>123</p>", "comment_time": "2020-01-06T07:43:10.784Z", "user": 1, "root": null, "parent": null, "reply_to": null}}, {"model": "comment.comment", "pk": 15, "fields": {"content_type": 8, "object_id": 4, "text": "<p>123</p>", "comment_time": "2020-01-06T07:43:21.466Z", "user": 1, "root": null, "parent": null, "reply_to": null}}, {"model": "comment.comment", "pk": 16, "fields": {"content_type": 8, "object_id": 4, "text": "<p>123</p>", "comment_time": "2020-01-06T07:43:25.815Z", "user": 1, "root": null, "parent": null, "reply_to": null}}, {"model": "comment.comment", "pk": 17, "fields": {"content_type": 8, "object_id": 4, "text": "<p>123</p>", "comment_time": "2020-01-06T07:43:26.348Z", "user": 1, "root": null, "parent": null, "reply_to": null}}, {"model": "comment.comment", "pk": 18, "fields": {"content_type": 8, "object_id": 4, "text": "<p>123</p>", "comment_time": "2020-01-06T07:43:26.643Z", "user": 1, "root": null, "parent": null, "reply_to": null}}, {"model": "comment.comment", "pk": 19, "fields": {"content_type": 8, "object_id": 4, "text": "<p>123</p>", "comment_time": "2020-01-06T07:43:26.806Z", "user": 1, "root": null, "parent": null, "reply_to": null}}, {"model": "comment.comment", "pk": 20, "fields": {"content_type": 8, "object_id": 4, "text": "<p>123</p>", "comment_time": "2020-01-06T07:43:26.944Z", "user": 1, "root": null, "parent": null, "reply_to": null}}, {"model": "comment.comment", "pk": 21, "fields": {"content_type": 8, "object_id": 4, "text": "<p>123</p>", "comment_time": "2020-01-06T07:43:27.101Z", "user": 1, "root": null, "parent": null, "reply_to": null}}, {"model": "comment.comment", "pk": 22, "fields": {"content_type": 8, "object_id": 4, "text": "<p>123</p>", "comment_time": "2020-01-06T07:43:27.257Z", "user": 1, "root": null, "parent": null, "reply_to": null}}, {"model": "comment.comment", "pk": 23, "fields": {"content_type": 8, "object_id": 4, "text": "<p>123</p>", "comment_time": "2020-01-06T07:43:27.400Z", "user": 1, "root": null, "parent": null, "reply_to": null}}, {"model": "comment.comment", "pk": 24, "fields": {"content_type": 8, "object_id": 4, "text": "<p>123</p>", "comment_time": "2020-01-06T07:43:27.540Z", "user": 1, "root": null, "parent": null, "reply_to": null}}, {"model": "comment.comment", "pk": 25, "fields": {"content_type": 8, "object_id": 4, "text": "<p>123</p>", "comment_time": "2020-01-06T07:43:27.703Z", "user": 1, "root": null, "parent": null, "reply_to": null}}, {"model": "comment.comment", "pk": 26, "fields": {"content_type": 8, "object_id": 4, "text": "<p>123</p>", "comment_time": "2020-01-06T07:43:27.866Z", "user": 1, "root": null, "parent": null, "reply_to": null}}, {"model": "comment.comment", "pk": 27, "fields": {"content_type": 8, "object_id": 4, "text": "<p>123</p>", "comment_time": "2020-01-06T07:43:28.019Z", "user": 1, "root": null, "parent": null, "reply_to": null}}, {"model": "comment.comment", "pk": 28, "fields": {"content_type": 8, "object_id": 4, "text": "<p>123</p>", "comment_time": "2020-01-06T07:43:28.156Z", "user": 1, "root": null, "parent": null, "reply_to": null}}, {"model": "comment.comment", "pk": 29, "fields": {"content_type": 8, "object_id": 4, "text": "<p>123</p>", "comment_time": "2020-01-06T07:43:28.327Z", "user": 1, "root": null, "parent": null, "reply_to": null}}, {"model": "comment.comment", "pk": 30, "fields": {"content_type": 8, "object_id": 4, "text": "<p>123</p>", "comment_time": "2020-01-06T07:43:28.624Z", "user": 1, "root": null, "parent": null, "reply_to": null}}, {"model": "comment.comment", "pk": 31, "fields": {"content_type": 8, "object_id": 4, "text": "<p>123</p>", "comment_time": "2020-01-06T07:43:28.798Z", "user": 1, "root": null, "parent": null, "reply_to": null}}, {"model": "comment.comment", "pk": 32, "fields": {"content_type": 8, "object_id": 4, "text": "<p>123</p>", "comment_time": "2020-01-06T07:43:45.569Z", "user": 1, "root": null, "parent": null, "reply_to": null}}, {"model": "comment.comment", "pk": 33, "fields": {"content_type": 8, "object_id": 4, "text": "<p>123</p>", "comment_time": "2020-01-06T07:43:45.731Z", "user": 1, "root": null, "parent": null, "reply_to": null}}, {"model": "comment.comment", "pk": 34, "fields": {"content_type": 8, "object_id": 4, "text": "<p>123</p>", "comment_time": "2020-01-06T07:43:45.877Z", "user": 1, "root": null, "parent": null, "reply_to": null}}, {"model": "comment.comment", "pk": 35, "fields": {"content_type": 8, "object_id": 4, "text": "<p>123</p>", "comment_time": "2020-01-06T07:43:46.028Z", "user": 1, "root": null, "parent": null, "reply_to": null}}, {"model": "comment.comment", "pk": 36, "fields": {"content_type": 8, "object_id": 4, "text": "<p>123</p>", "comment_time": "2020-01-06T07:43:46.191Z", "user": 1, "root": null, "parent": null, "reply_to": null}}, {"model": "comment.comment", "pk": 37, "fields": {"content_type": 8, "object_id": 4, "text": "<p>234</p>", "comment_time": "2020-01-06T07:45:59.132Z", "user": 1, "root": null, "parent": null, "reply_to": null}}, {"model": "comment.comment", "pk": 38, "fields": {"content_type": 8, "object_id": 4, "text": "<p>234</p>", "comment_time": "2020-01-06T07:46:06.586Z", "user": 1, "root": null, "parent": null, "reply_to": null}}, {"model": "comment.comment", "pk": 39, "fields": {"content_type": 8, "object_id": 4, "text": "<p>234</p>", "comment_time": "2020-01-06T07:46:11.902Z", "user": 1, "root": null, "parent": null, "reply_to": null}}, {"model": "comment.comment", "pk": 40, "fields": {"content_type": 8, "object_id": 4, "text": "<p>345</p>", "comment_time": "2020-01-06T07:46:29.020Z", "user": 1, "root": null, "parent": null, "reply_to": null}}, {"model": "comment.comment", "pk": 41, "fields": {"content_type": 8, "object_id": 22, "text": "<p>123</p>", "comment_time": "2020-01-06T07:47:08.162Z", "user": 1, "root": null, "parent": null, "reply_to": null}}, {"model": "comment.comment", "pk": 42, "fields": {"content_type": 8, "object_id": 22, "text": "<p>123</p>", "comment_time": "2020-01-06T07:47:11.029Z", "user": 1, "root": null, "parent": null, "reply_to": null}}, {"model": "comment.comment", "pk": 43, "fields": {"content_type": 8, "object_id": 22, "text": "<p>123</p>", "comment_time": "2020-01-06T07:47:17.507Z", "user": 1, "root": null, "parent": null, "reply_to": null}}, {"model": "comment.comment", "pk": 44, "fields": {"content_type": 8, "object_id": 22, "text": "<p>234</p>", "comment_time": "2020-01-06T07:48:00.827Z", "user": 1, "root": null, "parent": null, "reply_to": null}}, {"model": "comment.comment", "pk": 45, "fields": {"content_type": 8, "object_id": 22, "text": "<p>345</p>", "comment_time": "2020-01-06T07:54:12.537Z", "user": 1, "root": null, "parent": null, "reply_to": null}}, {"model": "comment.comment", "pk": 46, "fields": {"content_type": 8, "object_id": 22, "text": "<p>456</p>", "comment_time": "2020-01-06T07:55:08.201Z", "user": 1, "root": null, "parent": null, "reply_to": null}}, {"model": "comment.comment", "pk": 47, "fields": {"content_type": 8, "object_id": 22, "text": "<p>567</p>", "comment_time": "2020-01-06T08:02:17.942Z", "user": 1, "root": null, "parent": null, "reply_to": null}}, {"model": "comment.comment", "pk": 48, "fields": {"content_type": 8, "object_id": 22, "text": "<p>678</p>", "comment_time": "2020-01-06T08:03:42.517Z", "user": 1, "root": null, "parent": null, "reply_to": null}}, {"model": "comment.comment", "pk": 49, "fields": {"content_type": 8, "object_id": 22, "text": "<p>678</p>", "comment_time": "2020-01-06T08:04:15.996Z", "user": 1, "root": null, "parent": null, "reply_to": null}}, {"model": "comment.comment", "pk": 50, "fields": {"content_type": 8, "object_id": 22, "text": "<p>789</p>", "comment_time": "2020-01-06T08:04:42.637Z", "user": 1, "root": null, "parent": null, "reply_to": null}}, {"model": "comment.comment", "pk": 51, "fields": {"content_type": 8, "object_id": 22, "text": "<p>789</p>", "comment_time": "2020-01-06T08:05:15.324Z", "user": 1, "root": null, "parent": null, "reply_to": null}}, {"model": "comment.comment", "pk": 52, "fields": {"content_type": 8, "object_id": 22, "text": "<p>111</p>", "comment_time": "2020-01-06T08:08:59.613Z", "user": 1, "root": null, "parent": null, "reply_to": null}}, {"model": "comment.comment", "pk": 53, "fields": {"content_type": 8, "object_id": 22, "text": "<p><img alt=\"smiley\" height=\"23\" src=\"http://localhost:8000/static/ckeditor/ckeditor/plugins/smiley/images/regular_smile.png\" title=\"smiley\" width=\"23\" /></p>", "comment_time": "2020-01-06T08:23:54.540Z", "user": 1, "root": null, "parent": null, "reply_to": null}}, {"model": "comment.comment", "pk": 54, "fields": {"content_type": 8, "object_id": 22, "text": "<p>111</p>", "comment_time": "2020-01-06T08:24:03.028Z", "user": 1, "root": null, "parent": null, "reply_to": null}}, {"model": "comment.comment", "pk": 55, "fields": {"content_type": 8, "object_id": 22, "text": "<p><img alt=\"yes\" height=\"23\" src=\"http://localhost:8000/static/ckeditor/ckeditor/plugins/smiley/images/thumbs_up.png\" title=\"yes\" width=\"23\" /></p>", "comment_time": "2020-01-06T08:24:09.508Z", "user": 1, "root": null, "parent": null, "reply_to": null}}, {"model": "comment.comment", "pk": 56, "fields": {"content_type": 8, "object_id": 38, "text": "<p>222</p>", "comment_time": "2020-01-06T08:29:07.614Z", "user": 1, "root": null, "parent": null, "reply_to": null}}, {"model": "comment.comment", "pk": 57, "fields": {"content_type": 8, "object_id": 38, "text": "<p>111</p>", "comment_time": "2020-01-06T08:29:44.824Z", "user": 1, "root": null, "parent": null, "reply_to": null}}, {"model": "comment.comment", "pk": 58, "fields": {"content_type": 8, "object_id": 36, "text": "<p>11</p>", "comment_time": "2020-01-06T08:31:14.586Z", "user": 1, "root": null, "parent": null, "reply_to": null}}, {"model": "comment.comment", "pk": 59, "fields": {"content_type": 8, "object_id": 35, "text": "<p>1</p>", "comment_time": "2020-01-06T08:33:31.184Z", "user": 1, "root": null, "parent": null, "reply_to": null}}, {"model": "comment.comment", "pk": 62, "fields": {"content_type": 8, "object_id": 38, "text": "<p><img alt=\"yes\" height=\"23\" src=\"http://localhost:8000/static/ckeditor/ckeditor/plugins/smiley/images/thumbs_up.png\" title=\"yes\" width=\"23\" /></p>", "comment_time": "2020-01-06T14:34:52.763Z", "user": 1, "root": null, "parent": null, "reply_to": null}}, {"model": "comment.comment", "pk": 63, "fields": {"content_type": 8, "object_id": 38, "text": "<p><img alt=\"no\" height=\"23\" src=\"http://localhost:8000/static/ckeditor/ckeditor/plugins/smiley/images/thumbs_down.png\" title=\"no\" width=\"23\" /></p>", "comment_time": "2020-01-06T14:35:02.546Z", "user": 1, "root": null, "parent": null, "reply_to": null}}, {"model": "comment.comment", "pk": 64, "fields": {"content_type": 8, "object_id": 38, "text": "<p><img alt=\"sad\" height=\"23\" src=\"http://localhost:8000/static/ckeditor/ckeditor/plugins/smiley/images/sad_smile.png\" title=\"sad\" width=\"23\" /></p>", "comment_time": "2020-01-06T14:35:15.070Z", "user": 1, "root": null, "parent": null, "reply_to": null}}, {"model": "comment.comment", "pk": 65, "fields": {"content_type": 8, "object_id": 38, "text": "<p>1</p>", "comment_time": "2020-01-06T14:35:27.440Z", "user": 1, "root": null, "parent": null, "reply_to": null}}, {"model": "comment.comment", "pk": 66, "fields": {"content_type": 8, "object_id": 38, "text": "<p>\u54c8\u54c8\u54c8</p>", "comment_time": "2020-01-06T14:44:53.661Z", "user": 1, "root": 65, "parent": 65, "reply_to": 1}}, {"model": "comment.comment", "pk": 67, "fields": {"content_type": 8, "object_id": 38, "text": "<p>\u5361\u5361\u5361</p>", "comment_time": "2020-01-06T14:45:29.233Z", "user": 1, "root": null, "parent": null, "reply_to": null}}, {"model": "comment.comment", "pk": 68, "fields": {"content_type": 8, "object_id": 38, "text": "<p>\u5566\u5566\u5566\u5566</p>", "comment_time": "2020-01-06T15:34:46.706Z", "user": 1, "root": 67, "parent": 67, "reply_to": 1}}, {"model": "comment.comment", "pk": 69, "fields": {"content_type": 8, "object_id": 38, "text": "<p>\u543c\u543c\u543c\u543c</p>", "comment_time": "2020-01-06T15:34:53.971Z", "user": 1, "root": 67, "parent": 68, "reply_to": 1}}, {"model": "comment.comment", "pk": 73, "fields": {"content_type": 8, "object_id": 34, "text": "<p>\u563f\u563f\u563f</p>", "comment_time": "2020-01-07T02:46:24.033Z", "user": 1, "root": null, "parent": null, "reply_to": null}}, {"model": "comment.comment", "pk": 74, "fields": {"content_type": 8, "object_id": 37, "text": "<p>\u563f\u563f\u563f</p>", "comment_time": "2020-01-07T02:55:05.159Z", "user": 1, "root": 8, "parent": 8, "reply_to": 1}}, {"model": "comment.comment", "pk": 75, "fields": {"content_type": 8, "object_id": 37, "text": "<p>\u54c8\u54c8\u54c8</p>", "comment_time": "2020-01-07T02:55:09.823Z", "user": 1, "root": null, "parent": null, "reply_to": null}}, {"model": "comment.comment", "pk": 76, "fields": {"content_type": 8, "object_id": 36, "text": "<p>hhh</p>", "comment_time": "2020-01-07T03:03:00.194Z", "user": 1, "root": 58, "parent": 58, "reply_to": 1}}, {"model": "comment.comment", "pk": 77, "fields": {"content_type": 8, "object_id": 36, "text": "<p>lll</p>", "comment_time": "2020-01-07T03:05:58.425Z", "user": 1, "root": 58, "parent": 76, "reply_to": 1}}, {"model": "comment.comment", "pk": 78, "fields": {"content_type": 8, "object_id": 36, "text": "<p>\u5566\u5566\u5566</p>", "comment_time": "2020-01-07T03:16:32.754Z", "user": 1, "root": null, "parent": null, "reply_to": null}}, {"model": "comment.comment", "pk": 79, "fields": {"content_type": 8, "object_id": 36, "text": "<p>\u543c\u543c\u543c</p>", "comment_time": "2020-01-07T03:16:42.226Z", "user": 1, "root": null, "parent": null, "reply_to": null}}, {"model": "comment.comment", "pk": 80, "fields": {"content_type": 8, "object_id": 36, "text": "<p>\u5440\u5440\u5440</p>", "comment_time": "2020-01-07T03:16:58.324Z", "user": 1, "root": 79, "parent": 79, "reply_to": 1}}, {"model": "comment.comment", "pk": 81, "fields": {"content_type": 8, "object_id": 36, "text": "<p>\u54e6\u54e6\u54e6</p>", "comment_time": "2020-01-07T03:17:04.476Z", "user": 1, "root": 79, "parent": 80, "reply_to": 1}}, {"model": "comment.comment", "pk": 82, "fields": {"content_type": 8, "object_id": 36, "text": "<p>\u597d\u597d\u597d</p>", "comment_time": "2020-01-07T03:29:37.688Z", "user": 1, "root": null, "parent": null, "reply_to": null}}, {"model": "comment.comment", "pk": 83, "fields": {"content_type": 8, "object_id": 36, "text": "<p>\u543c\u543c\u543c</p>", "comment_time": "2020-01-07T03:29:47.228Z", "user": 1, "root": 82, "parent": 82, "reply_to": 1}}, {"model": "comment.comment", "pk": 84, "fields": {"content_type": 8, "object_id": 36, "text": "<p>\u59dc</p>", "comment_time": "2020-01-07T03:30:12.139Z", "user": 1, "root": null, "parent": null, "reply_to": null}}, {"model": "comment.comment", "pk": 85, "fields": {"content_type": 8, "object_id": 36, "text": "<p>\u563f\u563f\u563f</p>", "comment_time": "2020-01-07T03:30:18.669Z", "user": 1, "root": null, "parent": null, "reply_to": null}}, {"model": "comment.comment", "pk": 86, "fields": {"content_type": 8, "object_id": 36, "text": "<p>\u5566\u5566\u5566</p>", "comment_time": "2020-01-07T03:30:23.420Z", "user": 1, "root": 85, "parent": 85, "reply_to": 1}}, {"model": "comment.comment", "pk": 87, "fields": {"content_type": 8, "object_id": 36, "text": "<p>111</p>", "comment_time": "2020-01-07T03:30:35.480Z", "user": 1, "root": null, "parent": null, "reply_to": null}}, {"model": "comment.comment", "pk": 88, "fields": {"content_type": 8, "object_id": 36, "text": "<p>\u597d\u597d\u597d</p>", "comment_time": "2020-01-07T03:32:43.735Z", "user": 1, "root": null, "parent": null, "reply_to": null}}, {"model": "comment.comment", "pk": 89, "fields": {"content_type": 8, "object_id": 36, "text": "<p>\u597d\u597d\u597d\u597d\u597d\u597d</p>", "comment_time": "2020-01-07T03:32:52.029Z", "user": 1, "root": 88, "parent": 88, "reply_to": 1}}, {"model": "comment.comment", "pk": 90, "fields": {"content_type": 8, "object_id": 38, "text": "<p>hhh</p>", "comment_time": "2020-01-07T09:23:55.886Z", "user": 1, "root": null, "parent": null, "reply_to": null}}, {"model": "comment.comment", "pk": 91, "fields": {"content_type": 8, "object_id": 38, "text": "<p>lll</p>", "comment_time": "2020-01-07T09:24:00.800Z", "user": 1, "root": 90, "parent": 90, "reply_to": 1}}, {"model": "comment.comment", "pk": 92, "fields": {"content_type": 8, "object_id": 38, "text": "<p>mmmm</p>", "comment_time": "2020-01-07T09:24:06.017Z", "user": 1, "root": 90, "parent": 91, "reply_to": 1}}, {"model": "comment.comment", "pk": 93, "fields": {"content_type": 8, "object_id": 38, "text": "<p>\u54c8\u54c8\u54c8</p>", "comment_time": "2020-01-07T10:50:55.678Z", "user": 1, "root": null, "parent": null, "reply_to": null}}, {"model": "comment.comment", "pk": 94, "fields": {"content_type": 8, "object_id": 38, "text": "<p>\u54c8\u54c8\u54c8\u54c8\u54c8\u54c8</p>", "comment_time": "2020-01-07T10:51:03.710Z", "user": 1, "root": 93, "parent": 93, "reply_to": 1}}, {"model": "comment.comment", "pk": 95, "fields": {"content_type": 8, "object_id": 38, "text": "<p>\u5566\u5566\u5566</p>", "comment_time": "2020-01-08T13:05:55.505Z", "user": 1, "root": 2, "parent": 2, "reply_to": 1}}, {"model": "comment.comment", "pk": 96, "fields": {"content_type": 8, "object_id": 38, "text": "<p>\u5566\u5566\u5566\u5566\u5566\u5566</p>", "comment_time": "2020-01-08T13:06:06.756Z", "user": 1, "root": 3, "parent": 3, "reply_to": 2}}, {"model": "comment.comment", "pk": 97, "fields": {"content_type": 8, "object_id": 38, "text": "<p>\u54c8\u54c8\u54c8</p>", "comment_time": "2020-01-08T13:06:18.940Z", "user": 1, "root": 4, "parent": 4, "reply_to": 2}}, {"model": "comment.comment", "pk": 98, "fields": {"content_type": 8, "object_id": 38, "text": "<p>yoyoyo</p>", "comment_time": "2020-01-08T13:06:41.272Z", "user": 1, "root": 93, "parent": 93, "reply_to": 1}}, {"model": "comment.comment", "pk": 99, "fields": {"content_type": 8, "object_id": 38, "text": "<p>\u5440\u5440\u5440</p>", "comment_time": "2020-01-08T13:07:26.696Z", "user": 1, "root": 93, "parent": 98, "reply_to": 1}}, {"model": "comment.comment", "pk": 100, "fields": {"content_type": 8, "object_id": 38, "text": "<p>\u5440\u5440\u5440\u5440\u5440\u5440</p>", "comment_time": "2020-01-08T13:08:00.192Z", "user": 1, "root": 93, "parent": 93, "reply_to": 1}}, {"model": "comment.comment", "pk": 101, "fields": {"content_type": 8, "object_id": 38, "text": "<p>\u54c8\u54c8\u54c8</p>", "comment_time": "2020-01-08T13:10:10.452Z", "user": 1, "root": 90, "parent": 90, "reply_to": 1}}, {"model": "comment.comment", "pk": 102, "fields": {"content_type": 8, "object_id": 37, "text": "<p>\u54c8\u54c8\u54c8\u54c8\u54c8\u54c8</p>", "comment_time": "2020-01-08T13:12:38.973Z", "user": 1, "root": 75, "parent": 75, "reply_to": 1}}, {"model": "comment.comment", "pk": 103, "fields": {"content_type": 8, "object_id": 37, "text": "<p>\u5566\u5566\u5566</p>", "comment_time": "2020-01-08T13:13:26.614Z", "user": 1, "root": 8, "parent": 74, "reply_to": 1}}, {"model": "comment.comment", "pk": 104, "fields": {"content_type": 8, "object_id": 37, "text": "<p>\u54df\u54df\u54df</p>", "comment_time": "2020-01-08T13:16:22.136Z", "user": 1, "root": 8, "parent": 103, "reply_to": 1}}, {"model": "comment.comment", "pk": 105, "fields": {"content_type": 8, "object_id": 37, "text": "<p>\u54c8\u54c8\u54c8\u54c8\u54c8\u54c8\u54c8</p>", "comment_time": "2020-01-08T13:16:35.298Z", "user": 1, "root": 8, "parent": 104, "reply_to": 1}}, {"model": "comment.comment", "pk": 106, "fields": {"content_type": 8, "object_id": 35, "text": "<p>\u54c8\u54c8\u54c8</p>", "comment_time": "2020-01-08T13:16:55.511Z", "user": 1, "root": 59, "parent": 59, "reply_to": 1}}, {"model": "comment.comment", "pk": 107, "fields": {"content_type": 8, "object_id": 35, "text": "<p>2</p>", "comment_time": "2020-01-08T13:17:24.686Z", "user": 1, "root": 59, "parent": 106, "reply_to": 1}}, {"model": "comment.comment", "pk": 108, "fields": {"content_type": 8, "object_id": 35, "text": "<p>3</p>", "comment_time": "2020-01-08T13:17:52.150Z", "user": 1, "root": 59, "parent": 107, "reply_to": 1}}, {"model": "comment.comment", "pk": 109, "fields": {"content_type": 8, "object_id": 35, "text": "<p>4</p>", "comment_time": "2020-01-08T13:18:11.800Z", "user": 1, "root": 59, "parent": 108, "reply_to": 1}}, {"model": "comment.comment", "pk": 110, "fields": {"content_type": 8, "object_id": 35, "text": "<p>5</p>", "comment_time": "2020-01-08T13:18:37.739Z", "user": 1, "root": 59, "parent": 109, "reply_to": 1}}, {"model": "comment.comment", "pk": 111, "fields": {"content_type": 8, "object_id": 35, "text": "<p>6</p>", "comment_time": "2020-01-08T13:18:46.954Z", "user": 1, "root": 59, "parent": 110, "reply_to": 1}}, {"model": "comment.comment", "pk": 112, "fields": {"content_type": 8, "object_id": 32, "text": "<p>\u563f\u563f\u563f</p>", "comment_time": "2020-01-09T09:43:10.048Z", "user": 3, "root": null, "parent": null, "reply_to": null}}, {"model": "comment.comment", "pk": 113, "fields": {"content_type": 8, "object_id": 32, "text": "<p>1</p>", "comment_time": "2020-01-09T09:45:33.816Z", "user": 1, "root": null, "parent": null, "reply_to": null}}, {"model": "comment.comment", "pk": 114, "fields": {"content_type": 8, "object_id": 32, "text": "<p>2</p>", "comment_time": "2020-01-09T09:46:08.463Z", "user": 1, "root": null, "parent": null, "reply_to": null}}, {"model": "comment.comment", "pk": 115, "fields": {"content_type": 8, "object_id": 31, "text": "<p>1</p>", "comment_time": "2020-01-09T09:52:15.997Z", "user": 1, "root": null, "parent": null, "reply_to": null}}, {"model": "comment.comment", "pk": 116, "fields": {"content_type": 8, "object_id": 33, "text": "<p>1</p>", "comment_time": "2020-01-09T09:53:19.413Z", "user": 1, "root": null, "parent": null, "reply_to": null}}, {"model": "comment.comment", "pk": 117, "fields": {"content_type": 8, "object_id": 33, "text": "<p>2</p>", "comment_time": "2020-01-09T09:53:54.669Z", "user": 1, "root": 116, "parent": 116, "reply_to": 1}}, {"model": "comment.comment", "pk": 118, "fields": {"content_type": 8, "object_id": 30, "text": "<p>1</p>", "comment_time": "2020-01-09T13:31:31.431Z", "user": 1, "root": null, "parent": null, "reply_to": null}}, {"model": "comment.comment", "pk": 119, "fields": {"content_type": 8, "object_id": 30, "text": "<p>\u54c8\u54c8\u54c8</p>", "comment_time": "2020-01-09T13:37:39.327Z", "user": 1, "root": null, "parent": null, "reply_to": null}}, {"model": "comment.comment", "pk": 120, "fields": {"content_type": 8, "object_id": 30, "text": "<p>\u5927\u5bb6\u597d\uff0c\u6211\u662f\u7403\u74031\u53f7</p>", "comment_time": "2020-01-09T13:48:49.131Z", "user": 1, "root": null, "parent": null, "reply_to": null}}, {"model": "comment.comment", "pk": 121, "fields": {"content_type": 8, "object_id": 30, "text": "<p>\u5927\u5bb6\u597d\uff0c\u6211\u662f\u7403\u74031\u53f7</p>", "comment_time": "2020-01-09T13:51:10.066Z", "user": 1, "root": null, "parent": null, "reply_to": null}}, {"model": "likes.likerecord", "pk": 91, "fields": {"content_type": 12, "object_id": 90, "user": 1, "liked_time": "2020-01-07T10:48:34.038Z"}}, {"model": "likes.likerecord", "pk": 92, "fields": {"content_type": 8, "object_id": 37, "user": 1, "liked_time": "2020-01-07T10:48:36.087Z"}}, {"model": "likes.likerecord", "pk": 93, "fields": {"content_type": 8, "object_id": 36, "user": 1, "liked_time": "2020-01-07T10:48:37.308Z"}}, {"model": "likes.likerecord", "pk": 94, "fields": {"content_type": 8, "object_id": 35, "user": 1, "liked_time": "2020-01-07T10:48:38.498Z"}}, {"model": "likes.likerecord", "pk": 95, "fields": {"content_type": 8, "object_id": 34, "user": 1, "liked_time": "2020-01-07T10:48:39.576Z"}}, {"model": "likes.likerecord", "pk": 97, "fields": {"content_type": 8, "object_id": 33, "user": 1, "liked_time": "2020-01-07T10:48:41.756Z"}}, {"model": "likes.likerecord", "pk": 98, "fields": {"content_type": 8, "object_id": 32, "user": 1, "liked_time": "2020-01-07T10:48:43.172Z"}}, {"model": "likes.likerecord", "pk": 99, "fields": {"content_type": 8, "object_id": 31, "user": 1, "liked_time": "2020-01-07T10:48:44.383Z"}}, {"model": "likes.likerecord", "pk": 100, "fields": {"content_type": 8, "object_id": 30, "user": 1, "liked_time": "2020-01-07T10:48:46.240Z"}}, {"model": "likes.likerecord", "pk": 101, "fields": {"content_type": 12, "object_id": 91, "user": 1, "liked_time": "2020-01-07T10:48:53.278Z"}}, {"model": "likes.likerecord", "pk": 102, "fields": {"content_type": 12, "object_id": 92, "user": 1, "liked_time": "2020-01-07T10:48:53.947Z"}}, {"model": "likes.likerecord", "pk": 103, "fields": {"content_type": 12, "object_id": 67, "user": 1, "liked_time": "2020-01-07T10:48:55.162Z"}}, {"model": "likes.likerecord", "pk": 104, "fields": {"content_type": 12, "object_id": 68, "user": 1, "liked_time": "2020-01-07T10:48:55.801Z"}}, {"model": "likes.likerecord", "pk": 105, "fields": {"content_type": 12, "object_id": 69, "user": 1, "liked_time": "2020-01-07T10:48:57.174Z"}}, {"model": "likes.likerecord", "pk": 106, "fields": {"content_type": 12, "object_id": 93, "user": 1, "liked_time": "2020-01-07T10:51:06.435Z"}}, {"model": "likes.likerecord", "pk": 108, "fields": {"content_type": 12, "object_id": 94, "user": 1, "liked_time": "2020-01-07T10:51:07.955Z"}}, {"model": "likes.likerecord", "pk": 111, "fields": {"content_type": 12, "object_id": 7, "user": 1, "liked_time": "2020-01-07T14:25:39.344Z"}}, {"model": "likes.likerecord", "pk": 115, "fields": {"content_type": 12, "object_id": 108, "user": 1, "liked_time": "2020-01-08T13:17:59.887Z"}}, {"model": "likes.likerecord", "pk": 117, "fields": {"content_type": 12, "object_id": 112, "user": 3, "liked_time": "2020-01-09T09:43:13.061Z"}}, {"model": "likes.likerecord", "pk": 119, "fields": {"content_type": 8, "object_id": 32, "user": 3, "liked_time": "2020-01-09T09:43:17.074Z"}}, {"model": "likes.likerecord", "pk": 120, "fields": {"content_type": 8, "object_id": 38, "user": 1, "liked_time": "2020-01-10T03:09:55.931Z"}}, {"model": "user.profile", "pk": 1, "fields": {"user": 1, "nickname": "\u7403\u74031\u53f7"}}, {"model": "user.profile", "pk": 2, "fields": {"user": 2, "nickname": "\u7403\u74032\u53f7"}}, {"model": "admin.logentry", "pk": 1, "fields": {"action_time": "2019-12-28T11:10:10.800Z", "user": 1, "content_type": 7, "object_id": "1", "object_repr": "BlogType object (1)", "action_flag": 1, "change_message": "[{\"added\": {}}]"}}, {"model": "admin.logentry", "pk": 2, "fields": {"action_time": "2019-12-28T11:10:24.959Z", "user": 1, "content_type": 7, "object_id": "2", "object_repr": "BlogType object (2)", "action_flag": 1, "change_message": "[{\"added\": {}}]"}}, {"model": "admin.logentry", "pk": 3, "fields": {"action_time": "2019-12-28T11:10:38.114Z", "user": 1, "content_type": 7, "object_id": "3", "object_repr": "BlogType object (3)", "action_flag": 1, "change_message": "[{\"added\": {}}]"}}, {"model": "admin.logentry", "pk": 4, "fields": {"action_time": "2019-12-28T11:14:21.536Z", "user": 1, "content_type": 8, "object_id": "1", "object_repr": "<Blog: \u7b2c\u4e00\u7bc7\u535a\u5ba2>", "action_flag": 1, "change_message": "[{\"added\": {}}]"}}, {"model": "admin.logentry", "pk": 5, "fields": {"action_time": "2019-12-28T12:22:14.974Z", "user": 1, "content_type": 8, "object_id": "2", "object_repr": "<Blog: \u7b2c\u4e8c\u7bc7\u535a\u5ba2>", "action_flag": 1, "change_message": "[{\"added\": {}}]"}}, {"model": "admin.logentry", "pk": 6, "fields": {"action_time": "2019-12-28T12:28:21.389Z", "user": 1, "content_type": 8, "object_id": "2", "object_repr": "<Blog: \u7b2c\u4e8c\u7bc7\u535a\u5ba2>", "action_flag": 3, "change_message": ""}}, {"model": "admin.logentry", "pk": 7, "fields": {"action_time": "2019-12-28T12:28:21.393Z", "user": 1, "content_type": 8, "object_id": "1", "object_repr": "<Blog: \u7b2c\u4e00\u7bc7\u535a\u5ba2>", "action_flag": 3, "change_message": ""}}, {"model": "admin.logentry", "pk": 8, "fields": {"action_time": "2019-12-28T12:31:36.397Z", "user": 1, "content_type": 8, "object_id": "3", "object_repr": "<Blog: 1>", "action_flag": 1, "change_message": "[{\"added\": {}}]"}}, {"model": "admin.logentry", "pk": 9, "fields": {"action_time": "2019-12-28T12:32:47.854Z", "user": 1, "content_type": 8, "object_id": "3", "object_repr": "<Blog: 1>", "action_flag": 3, "change_message": ""}}, {"model": "admin.logentry", "pk": 10, "fields": {"action_time": "2019-12-28T12:34:14.202Z", "user": 1, "content_type": 8, "object_id": "4", "object_repr": "<Blog: 1>", "action_flag": 1, "change_message": "[{\"added\": {}}]"}}, {"model": "admin.logentry", "pk": 11, "fields": {"action_time": "2019-12-28T13:05:31.413Z", "user": 1, "content_type": 8, "object_id": "4", "object_repr": "<Blog: \u957f\u5185\u5bb9\u7684\u535a\u5ba2>", "action_flag": 2, "change_message": "[{\"changed\": {\"fields\": [\"title\"]}}]"}}, {"model": "admin.logentry", "pk": 12, "fields": {"action_time": "2019-12-28T13:06:25.055Z", "user": 1, "content_type": 8, "object_id": "5", "object_repr": "<Blog: \u968f\u7b142>", "action_flag": 1, "change_message": "[{\"added\": {}}]"}}, {"model": "admin.logentry", "pk": 13, "fields": {"action_time": "2019-12-28T13:06:49.191Z", "user": 1, "content_type": 8, "object_id": "6", "object_repr": "<Blog: Django1>", "action_flag": 1, "change_message": "[{\"added\": {}}]"}}, {"model": "admin.logentry", "pk": 14, "fields": {"action_time": "2019-12-29T14:38:53.643Z", "user": 1, "content_type": 8, "object_id": "4", "object_repr": "<Blog: \u957f\u5185\u5bb9\u7684\u535a\u5ba2>", "action_flag": 2, "change_message": "[{\"changed\": {\"fields\": [\"content\"]}}]"}}, {"model": "admin.logentry", "pk": 15, "fields": {"action_time": "2019-12-31T02:53:14.304Z", "user": 1, "content_type": 8, "object_id": "4", "object_repr": "<Blog: \u957f\u5185\u5bb9\u7684\u535a\u5ba2>", "action_flag": 2, "change_message": "[{\"changed\": {\"fields\": [\"content\"]}}]"}}, {"model": "admin.logentry", "pk": 16, "fields": {"action_time": "2019-12-31T02:53:40.593Z", "user": 1, "content_type": 8, "object_id": "4", "object_repr": "<Blog: \u957f\u5185\u5bb9\u7684\u535a\u5ba2>", "action_flag": 2, "change_message": "[{\"changed\": {\"fields\": [\"content\"]}}]"}}, {"model": "admin.logentry", "pk": 17, "fields": {"action_time": "2019-12-31T03:11:19.660Z", "user": 1, "content_type": 8, "object_id": "4", "object_repr": "<Blog: \u957f\u5185\u5bb9\u7684\u535a\u5ba2>", "action_flag": 2, "change_message": "[{\"changed\": {\"fields\": [\"content\"]}}]"}}, {"model": "admin.logentry", "pk": 18, "fields": {"action_time": "2019-12-31T03:11:23.478Z", "user": 1, "content_type": 8, "object_id": "4", "object_repr": "<Blog: \u957f\u5185\u5bb9\u7684\u535a\u5ba2>", "action_flag": 2, "change_message": "[]"}}, {"model": "admin.logentry", "pk": 19, "fields": {"action_time": "2019-12-31T03:14:09.536Z", "user": 1, "content_type": 8, "object_id": "4", "object_repr": "<Blog: \u957f\u5185\u5bb9\u7684\u535a\u5ba2>", "action_flag": 2, "change_message": "[{\"changed\": {\"fields\": [\"content\"]}}]"}}, {"model": "admin.logentry", "pk": 20, "fields": {"action_time": "2019-12-31T03:15:10.711Z", "user": 1, "content_type": 8, "object_id": "4", "object_repr": "<Blog: \u957f\u5185\u5bb9\u7684\u535a\u5ba2>", "action_flag": 2, "change_message": "[{\"changed\": {\"fields\": [\"content\"]}}]"}}, {"model": "admin.logentry", "pk": 21, "fields": {"action_time": "2019-12-31T03:15:23.964Z", "user": 1, "content_type": 8, "object_id": "4", "object_repr": "<Blog: \u957f\u5185\u5bb9\u7684\u535a\u5ba2>", "action_flag": 2, "change_message": "[{\"changed\": {\"fields\": [\"content\"]}}]"}}, {"model": "admin.logentry", "pk": 22, "fields": {"action_time": "2019-12-31T03:15:34.822Z", "user": 1, "content_type": 8, "object_id": "4", "object_repr": "<Blog: \u957f\u5185\u5bb9\u7684\u535a\u5ba2>", "action_flag": 2, "change_message": "[{\"changed\": {\"fields\": [\"content\"]}}]"}}, {"model": "admin.logentry", "pk": 23, "fields": {"action_time": "2019-12-31T03:17:49.589Z", "user": 1, "content_type": 8, "object_id": "4", "object_repr": "<Blog: \u957f\u5185\u5bb9\u7684\u535a\u5ba2>", "action_flag": 2, "change_message": "[{\"changed\": {\"fields\": [\"content\"]}}]"}}, {"model": "admin.logentry", "pk": 24, "fields": {"action_time": "2019-12-31T03:34:53.622Z", "user": 1, "content_type": 8, "object_id": "4", "object_repr": "<Blog: \u957f\u5185\u5bb9\u7684\u535a\u5ba2>", "action_flag": 2, "change_message": "[{\"changed\": {\"fields\": [\"content\"]}}]"}}, {"model": "admin.logentry", "pk": 25, "fields": {"action_time": "2019-12-31T03:34:58.995Z", "user": 1, "content_type": 8, "object_id": "4", "object_repr": "<Blog: \u957f\u5185\u5bb9\u7684\u535a\u5ba2>", "action_flag": 2, "change_message": "[]"}}, {"model": "admin.logentry", "pk": 26, "fields": {"action_time": "2019-12-31T07:59:21.343Z", "user": 1, "content_type": 9, "object_id": "1", "object_repr": "ReadNum object (1)", "action_flag": 1, "change_message": "[{\"added\": {}}]"}}, {"model": "admin.logentry", "pk": 27, "fields": {"action_time": "2019-12-31T08:35:51.928Z", "user": 1, "content_type": 8, "object_id": "38", "object_repr": "<Blog: gigigi>", "action_flag": 1, "change_message": "[{\"added\": {}}]"}}, {"model": "admin.logentry", "pk": 28, "fields": {"action_time": "2019-12-31T08:36:21.251Z", "user": 1, "content_type": 8, "object_id": "38", "object_repr": "<Blog: gigigi>", "action_flag": 3, "change_message": ""}}, {"model": "admin.logentry", "pk": 29, "fields": {"action_time": "2019-12-31T08:36:30.389Z", "user": 1, "content_type": 8, "object_id": "38", "object_repr": "<Blog: gigigi>", "action_flag": 3, "change_message": ""}}, {"model": "admin.logentry", "pk": 30, "fields": {"action_time": "2019-12-31T08:37:03.206Z", "user": 1, "content_type": 8, "object_id": "38", "object_repr": "<Blog: gigigi>", "action_flag": 3, "change_message": ""}}, {"model": "admin.logentry", "pk": 31, "fields": {"action_time": "2019-12-31T09:26:48.470Z", "user": 1, "content_type": 10, "object_id": "1", "object_repr": "ReadNum object (1)", "action_flag": 1, "change_message": "[{\"added\": {}}]"}}, {"model": "admin.logentry", "pk": 32, "fields": {"action_time": "2020-01-04T01:47:57.883Z", "user": 1, "content_type": 11, "object_id": "1", "object_repr": "ReadDetail object (1)", "action_flag": 1, "change_message": "[{\"added\": {}}]"}}, {"model": "admin.logentry", "pk": 33, "fields": {"action_time": "2020-01-04T01:56:55.648Z", "user": 1, "content_type": 11, "object_id": "2", "object_repr": "ReadDetail object (2)", "action_flag": 2, "change_message": "[{\"changed\": {\"fields\": [\"date\"]}}]"}}, {"model": "admin.logentry", "pk": 34, "fields": {"action_time": "2020-01-04T03:23:53.307Z", "user": 1, "content_type": 11, "object_id": "3", "object_repr": "ReadDetail object (3)", "action_flag": 2, "change_message": "[{\"changed\": {\"fields\": [\"date\", \"read_num\", \"object_id\"]}}]"}}, {"model": "admin.logentry", "pk": 35, "fields": {"action_time": "2020-01-04T03:24:19.444Z", "user": 1, "content_type": 11, "object_id": "4", "object_repr": "ReadDetail object (4)", "action_flag": 1, "change_message": "[{\"added\": {}}]"}}, {"model": "admin.logentry", "pk": 36, "fields": {"action_time": "2020-01-04T03:24:46.395Z", "user": 1, "content_type": 11, "object_id": "4", "object_repr": "ReadDetail object (4)", "action_flag": 2, "change_message": "[{\"changed\": {\"fields\": [\"object_id\"]}}]"}}, {"model": "admin.logentry", "pk": 37, "fields": {"action_time": "2020-01-04T03:25:07.959Z", "user": 1, "content_type": 11, "object_id": "4", "object_repr": "ReadDetail object (4)", "action_flag": 3, "change_message": ""}}, {"model": "admin.logentry", "pk": 38, "fields": {"action_time": "2020-01-04T03:25:29.921Z", "user": 1, "content_type": 11, "object_id": "5", "object_repr": "ReadDetail object (5)", "action_flag": 1, "change_message": "[{\"added\": {}}]"}}, {"model": "admin.logentry", "pk": 39, "fields": {"action_time": "2020-01-04T03:34:36.462Z", "user": 1, "content_type": 11, "object_id": "5", "object_repr": "ReadDetail object (5)", "action_flag": 2, "change_message": "[{\"changed\": {\"fields\": [\"date\"]}}]"}}, {"model": "admin.logentry", "pk": 40, "fields": {"action_time": "2020-01-04T03:34:54.006Z", "user": 1, "content_type": 11, "object_id": "1", "object_repr": "ReadDetail object (1)", "action_flag": 2, "change_message": "[]"}}, {"model": "admin.logentry", "pk": 41, "fields": {"action_time": "2020-01-04T03:35:08.674Z", "user": 1, "content_type": 11, "object_id": "1", "object_repr": "ReadDetail object (1)", "action_flag": 2, "change_message": "[{\"changed\": {\"fields\": [\"date\"]}}]"}}, {"model": "admin.logentry", "pk": 42, "fields": {"action_time": "2020-01-06T09:47:08.427Z", "user": 1, "content_type": 12, "object_id": "60", "object_repr": "Comment object (60)", "action_flag": 1, "change_message": "[{\"added\": {}}]"}}, {"model": "admin.logentry", "pk": 43, "fields": {"action_time": "2020-01-06T09:47:30.168Z", "user": 1, "content_type": 12, "object_id": "60", "object_repr": "Comment object (60)", "action_flag": 3, "change_message": ""}}, {"model": "admin.logentry", "pk": 44, "fields": {"action_time": "2020-01-06T09:47:54.259Z", "user": 1, "content_type": 12, "object_id": "61", "object_repr": "Comment object (61)", "action_flag": 1, "change_message": "[{\"added\": {}}]"}}, {"model": "admin.logentry", "pk": 45, "fields": {"action_time": "2020-01-06T09:51:34.685Z", "user": 1, "content_type": 12, "object_id": "61", "object_repr": "123123", "action_flag": 2, "change_message": "[{\"changed\": {\"fields\": [\"parent\"]}}]"}}, {"model": "admin.logentry", "pk": 46, "fields": {"action_time": "2020-01-06T14:02:12.894Z", "user": 1, "content_type": 12, "object_id": "61", "object_repr": "123123", "action_flag": 2, "change_message": "[{\"changed\": {\"fields\": [\"root\", \"reply_to\"]}}]"}}, {"model": "admin.logentry", "pk": 47, "fields": {"action_time": "2020-01-07T05:38:35.253Z", "user": 1, "content_type": 12, "object_id": "1", "object_repr": "123", "action_flag": 3, "change_message": ""}}, {"model": "admin.logentry", "pk": 48, "fields": {"action_time": "2020-01-07T05:39:27.492Z", "user": 1, "content_type": 12, "object_id": "70", "object_repr": "<p>\u4e09\u4e2a\u9636\u6bb5</p>", "action_flag": 3, "change_message": ""}}, {"model": "admin.logentry", "pk": 49, "fields": {"action_time": "2020-01-08T09:08:31.055Z", "user": 1, "content_type": 15, "object_id": "1", "object_repr": "<Profile: \u563f\u563f\u563f for jx>", "action_flag": 1, "change_message": "[{\"added\": {}}]"}}, {"model": "admin.logentry", "pk": 50, "fields": {"action_time": "2020-01-09T05:13:36.655Z", "user": 1, "content_type": 4, "object_id": "1", "object_repr": "jx", "action_flag": 2, "change_message": "[{\"changed\": {\"fields\": [\"email\", \"last_login\"]}}]"}}]